【整租】美滋梦 后湖 塔子湖店,后湖,2300-2600,http://wh.58.com/pinpaigongyu/31374148546367x.shtml?psid=167694780197877082970995653
【合租】光谷 祥和雅居 3室主卧,祥和雅居,1050,http://wh.58.com/pinpaigongyu/31394744614841x.shtml?psid=167694780197877082970995653
【整租】美滋梦 后湖 塔子湖店,后湖,700-1000,http://wh.58.com/pinpaigongyu/31309504232263x.shtml?psid=167694780197877082970995653
【整租】徐东 东湖庭园 1室0厅,东湖庭园,1100,http://wh.58.com/pinpaigongyu/31682243260234x.shtml?psid=167694780197877082970995653
【合租】徐东 武汉三角花园小区 3室主卧,武汉三角花园小区,1200,http://wh.58.com/pinpaigongyu/31869472640715x.shtml?psid=167694780197877082970995653
【整租】美滋梦 后湖 塔子湖店,后湖,2499-2800,http://wh.58.com/pinpaigongyu/31342558082633x.shtml?psid=167694780197877082970995653
【合租】鲁巷 金地雄楚一号 4室主卧,金地雄楚一号,1400,http://wh.58.com/pinpaigongyu/31958364519346x.shtml?psid=167694780197877082970995653
【整租】美滋梦 后湖 塔子湖店,后湖,3400-3800,http://wh.58.com/pinpaigongyu/31309486658742x.shtml?psid=167694780197877082970995653
【合租】后湖 锦绣家园 4室次卧,锦绣家园,900,http://wh.58.com/pinpaigongyu/31450421194550x.shtml?psid=167694780197877082970995653
【合租】徐东 武铁佳苑 4室次卧,武铁佳苑,890,http://wh.58.com/pinpaigongyu/31693273389355x.shtml?psid=167694780197877082970995653
【合租】宗关 秦水名邸 1室次卧,秦水名邸,699,http://wh.58.com/pinpaigongyu/31829631137713x.shtml?psid=167694780197877082970995653
【整租】美滋梦 关山 青年城,关山,1500,http://wh.58.com/pinpaigongyu/31959148485316x.shtml?psid=167694780197877082970995653
【合租】珞狮南路 鸿城家园 3室次卧,鸿城家园,700,http://wh.58.com/pinpaigongyu/31792411133752x.shtml?psid=167694780197877082970995653
【整租】光谷 祥和雅居 2室1厅,祥和雅居,2200,http://wh.58.com/pinpaigongyu/31173821780141x.shtml?psid=167694780197877082970995653
【整租】江汉路 豪景名苑 1室0厅,豪景名苑,1580,http://wh.58.com/pinpaigongyu/31863304878892x.shtml?psid=167694780197877082970995653
【整租】慕特青年公寓 南湖花园 慕特青年公寓2,南湖花园,1680-1730,http://wh.58.com/pinpaigongyu/31939551223112x.shtml?psid=167694780197877082970995653
【整租】竹叶山花桥 石桥花园 1室0厅,石桥花园,650,http://wh.58.com/pinpaigongyu/31892511763905x.shtml?psid=167694780197877082970995653
【合租】街道口 中建南湖壹号 3室次卧,中建南湖壹号,900,http://wh.58.com/pinpaigongyu/31708336834861x.shtml?psid=167694780197877082970995653
【合租】杨汊湖 远洋心里 1室主卧,远洋心里,1100,http://wh.58.com/pinpaigongyu/31539086502216x.shtml?psid=167694780197877082970995653
【整租】珞狮南路 幸福佳苑 1室1厅,幸福佳苑,1200,http://wh.58.com/pinpaigongyu/31405320801229x.shtml?psid=167694780197877082970995653
【整租】美滋梦 后湖 塔子湖店,后湖,3400-3800,http://wh.58.com/pinpaigongyu/31431101117624x.shtml?psid=153910413197877083014315345
【整租】光谷 南湖康泰花园 1室0厅,南湖康泰花园,1600,http://wh.58.com/pinpaigongyu/31460863216718x.shtml?psid=153910413197877083014315345
【整租】美滋梦 光谷 创业街店,光谷,3800-4500,http://wh.58.com/pinpaigongyu/30985912143286x.shtml?psid=153910413197877083014315345
【合租】积玉桥 中环国际 4室主卧,中环国际,1400,http://wh.58.com/pinpaigongyu/31884452628936x.shtml?psid=153910413197877083014315345
【整租】街道口 未来公馆 1室0厅,未来公馆,1600,http://wh.58.com/pinpaigongyu/31876000065208x.shtml?psid=153910413197877083014315345
【整租】美滋梦 后湖 塔子湖店,后湖,2300-2700,http://wh.58.com/pinpaigongyu/31352744237005x.shtml?psid=153910413197877083014315345
【整租】关山 光谷青年城 1室0厅,光谷青年城,1500,http://wh.58.com/pinpaigongyu/31836801137074x.shtml?psid=153910413197877083014315345
【整租】美滋梦 光谷 康泰花园店,光谷,1650-1700,http://wh.58.com/pinpaigongyu/31242792676416x.shtml?psid=153910413197877083014315345
【整租】中南路 中南SOGO城 1室1厅,中南SOGO城,2000,http://wh.58.com/pinpaigongyu/30752971111081x.shtml?psid=153910413197877083014315345
【合租】徐东 兴华嘉天下 4室主卧,兴华嘉天下,1300,http://wh.58.com/pinpaigongyu/31662391312682x.shtml?psid=153910413197877083014315345
【整租】百步亭 联合社区 1室0厅,联合社区,1680,http://wh.58.com/pinpaigongyu/31510067746751x.shtml?psid=153910413197877083014315345
【整租】武汉自在遇 徐东 金地自在城店,徐东,1800-2000,http://wh.58.com/pinpaigongyu/31519408672834x.shtml?psid=153910413197877083014315345
【合租】常青 福星惠誉福星城南 1室次卧,福星惠誉福星城南,860,http://wh.58.com/pinpaigongyu/31671160465089x.shtml?psid=153910413197877083014315345
【合租】珞狮南路 鸿城家园 3室次卧,鸿城家园,700,http://wh.58.com/pinpaigongyu/31914066025678x.shtml?psid=153910413197877083014315345
【合租】徐东 保利城 3室主卧,保利城,1030,http://wh.58.com/pinpaigongyu/31564534149324x.shtml?psid=153910413197877083014315345
【整租】优墨公寓 新华路 优墨菱角湖店,新华路,1800-2380,http://wh.58.com/pinpaigongyu/31583630140981x.shtml?psid=153910413197877083014315345
【合租】新南湖 芷岸龙庭 3室次卧,芷岸龙庭,700,http://wh.58.com/pinpaigongyu/31928864321353x.shtml?psid=153910413197877083014315345
【合租】古田 永利新城北苑 3室次卧,永利新城北苑,740,http://wh.58.com/pinpaigongyu/31928057315753x.shtml?psid=153910413197877083014315345
【合租】杨汊湖 福星华府 1室次卧,福星华府,860,http://wh.58.com/pinpaigongyu/31539572124724x.shtml?psid=153910413197877083014315345
【合租】新南湖 珞珈雅苑 3室主卧,珞珈雅苑,700,http://wh.58.com/pinpaigongyu/31947485082442x.shtml?psid=153910413197877083014315345
【整租】美滋梦 光谷 创业街店,光谷,3800-4500,http://wh.58.com/pinpaigongyu/30986970467664x.shtml?psid=118512492197877083060574545
【整租】鲁巷 八一花园梅花苑 2室1厅,八一花园梅花苑,2400,http://wh.58.com/pinpaigongyu/31958635386810x.shtml?psid=118512492197877083060574545
【整租】美滋梦 光谷 创业街店,光谷,3000-3800,http://wh.58.com/pinpaigongyu/30986969594426x.shtml?psid=118512492197877083060574545
【整租】街道口 南国雄楚广场 1室0厅,南国雄楚广场,1400,http://wh.58.com/pinpaigongyu/31803278907693x.shtml?psid=118512492197877083060574545
【合租】鲁巷 金地雄楚一号 4室主卧,金地雄楚一号,1400,http://wh.58.com/pinpaigongyu/31450786066732x.shtml?psid=118512492197877083060574545
【整租】美滋梦 光谷 康泰花园店,光谷,3500-4200,http://wh.58.com/pinpaigongyu/31319809801278x.shtml?psid=118512492197877083060574545
【整租】光谷 南湖康泰花园 1室0厅,南湖康泰花园,1600,http://wh.58.com/pinpaigongyu/31516999196726x.shtml?psid=118512492197877083060574545
【整租】美滋梦 后湖 塔子湖店,后湖,2200-2400,http://wh.58.com/pinpaigongyu/31342545581629x.shtml?psid=118512492197877083060574545
【整租】关山 光谷青年城 1室1厅,光谷青年城,1500,http://wh.58.com/pinpaigongyu/31927459921205x.shtml?psid=118512492197877083060574545
【合租】光谷 祥和雅居 3室主卧,祥和雅居,1050,http://wh.58.com/pinpaigongyu/31106454305453x.shtml?psid=118512492197877083060574545
【合租】杨汊湖 远洋心里 1室主卧,远洋心里,950,http://wh.58.com/pinpaigongyu/31538951243050x.shtml?psid=118512492197877083060574545
【整租】杰晨城市公寓 新南湖 书城路店,新南湖,1300-1700,http://wh.58.com/pinpaigongyu/31352875030833x.shtml?psid=118512492197877083060574545
【合租】关山 金地格林东郡 3室次卧,金地格林东郡,910,http://wh.58.com/pinpaigongyu/31907045168578x.shtml?psid=118512492197877083060574545
【合租】杨汊湖 福星华府 1室次卧,福星华府,1000,http://wh.58.com/pinpaigongyu/31892378535722x.shtml?psid=118512492197877083060574545
【合租】新南湖 珞珈雅苑 3室次卧,珞珈雅苑,700,http://wh.58.com/pinpaigongyu/31928839553971x.shtml?psid=118512492197877083060574545
【整租】颜值公寓 金色港湾 女神公寓店,金色港湾,1700-2000,http://wh.58.com/pinpaigongyu/31065427053106x.shtml?psid=118512492197877083060574545
【合租】杨汊湖 福星华府 1室次卧,福星华府,860,http://wh.58.com/pinpaigongyu/30820017272620x.shtml?psid=118512492197877083060574545
【合租】珞狮南路 鸿城家园 3室次卧,鸿城家园,700,http://wh.58.com/pinpaigongyu/31958397925814x.shtml?psid=118512492197877083060574545
【合租】光谷 华城新都 3室次卧,华城新都,910,http://wh.58.com/pinpaigongyu/31907479717433x.shtml?psid=118512492197877083060574545
【合租】杨汊湖 中国水电盛世江城 1室主卧,中国水电盛世江城,900,http://wh.58.com/pinpaigongyu/31561622314696x.shtml?psid=118512492197877083060574545
【合租】鲁巷 金地雄楚一号 4室主卧,金地雄楚一号,1400,http://wh.58.com/pinpaigongyu/31748151942836x.shtml?psid=184269097197877083098620098
【合租】光谷 祥和雅居 3室主卧,祥和雅居,1050,http://wh.58.com/pinpaigongyu/31084633708605x.shtml?psid=184269097197877083098620098
【整租】徐东 东湖庭园 1室0厅,东湖庭园,1100,http://wh.58.com/pinpaigongyu/31682462601285x.shtml?psid=184269097197877083098620098
【合租】光谷 祥和雅居 3室主卧,祥和雅居,1000,http://wh.58.com/pinpaigongyu/31242613601605x.shtml?psid=184269097197877083098620098
【整租】徐东 东湖庭园 1室0厅,东湖庭园,1200,http://wh.58.com/pinpaigongyu/31880986109625x.shtml?psid=184269097197877083098620098
【合租】光谷 成园 4室次卧,成园,3500,http://wh.58.com/pinpaigongyu/31936235595850x.shtml?psid=184269097197877083098620098
【整租】徐东 东湖庭园 1室1厅,东湖庭园,1500,http://wh.58.com/pinpaigongyu/31450874201422x.shtml?psid=184269097197877083098620098
【整租】后湖 奥林紫园 2室2厅,奥林紫园,2400,http://wh.58.com/pinpaigongyu/31681519601213x.shtml?psid=184269097197877083098620098
【合租】光谷 祥和雅居 3室主卧,祥和雅居,1000,http://wh.58.com/pinpaigongyu/31250594429617x.shtml?psid=184269097197877083098620098
【整租】美滋梦 后湖 塔子湖店,后湖,2300-2600,http://wh.58.com/pinpaigongyu/31374148546367x.shtml?psid=184269097197877083098620098
【合租】关山 新世界恒大华府 3室次卧,新世界恒大华府,900,http://wh.58.com/pinpaigongyu/31907164680516x.shtml?psid=184269097197877083098620098
【整租】世联红璞公寓 升官渡 江汉大学店,升官渡,1000-1200,http://wh.58.com/pinpaigongyu/30955511993163x.shtml?psid=184269097197877083098620098
【合租】七里庙 钰龙湾 3室次卧,钰龙湾,870,http://wh.58.com/pinpaigongyu/31574913296041x.shtml?psid=184269097197877083098620098
【合租】后湖 融创公园壹号 4室主卧,融创公园壹号,1200,http://wh.58.com/pinpaigongyu/31906011287732x.shtml?psid=184269097197877083098620098
【合租】徐东 东湖庭园 3室次卧,东湖庭园,860,http://wh.58.com/pinpaigongyu/31564419678143x.shtml?psid=184269097197877083098620098
【整租】魔方公寓（武汉） 中南路 武昌火车站店,中南路,2240-2580,http://wh.58.com/pinpaigongyu/29782542709181x.shtml?psid=184269097197877083098620098
【合租】常青 万景橘苑 3室次卧,万景橘苑,960,http://wh.58.com/pinpaigongyu/31928107090101x.shtml?psid=184269097197877083098620098
【合租】常青 福星惠誉福星城南 1室主卧,福星惠誉福星城南,860,http://wh.58.com/pinpaigongyu/31715972314039x.shtml?psid=184269097197877083098620098
【合租】古田 江湾国际 3室主卧,江湾国际,1160,http://wh.58.com/pinpaigongyu/31928073748020x.shtml?psid=184269097197877083098620098
【合租】杨汊湖 中国水电盛世江城 1室主卧,中国水电盛世江城,960,http://wh.58.com/pinpaigongyu/31808922752069x.shtml?psid=184269097197877083098620098
【合租】徐东 橡树湾 3室次卧,橡树湾,1000,http://wh.58.com/pinpaigongyu/31662379799610x.shtml?psid=126849078197877083214594494
【合租】鲁巷 金地雄楚一号 4室主卧,金地雄楚一号,1350,http://wh.58.com/pinpaigongyu/31947591997997x.shtml?psid=126849078197877083214594494
【合租】徐东 兴华嘉天下 4室主卧,兴华嘉天下,1100,http://wh.58.com/pinpaigongyu/31714840018607x.shtml?psid=126849078197877083214594494
【整租】街道口 南国雄楚广场 1室0厅,南国雄楚广场,1300,http://wh.58.com/pinpaigongyu/31711810060750x.shtml?psid=126849078197877083214594494
【整租】街道口 未来公馆 1室0厅,未来公馆,1600,http://wh.58.com/pinpaigongyu/31431072523317x.shtml?psid=126849078197877083214594494
【整租】光谷 南湖康泰花园 1室0厅,南湖康泰花园,1600,http://wh.58.com/pinpaigongyu/31450419782204x.shtml?psid=126849078197877083214594494
【整租】后湖 塔子湖锦绣家园幽 2室1厅,塔子湖锦绣家园幽,2400,http://wh.58.com/pinpaigongyu/31870204046892x.shtml?psid=126849078197877083214594494
【整租】光谷 成园小区 4室1厅,成园小区,3400,http://wh.58.com/pinpaigongyu/31242609601842x.shtml?psid=126849078197877083214594494
【合租】光谷 祥和雅居 4室主卧,祥和雅居,1000,http://wh.58.com/pinpaigongyu/31297057042605x.shtml?psid=126849078197877083214594494
【整租】街道口 未来公馆 1室0厅,未来公馆,1400,http://wh.58.com/pinpaigongyu/31803298183104x.shtml?psid=126849078197877083214594494
【合租】徐东 徐东馨苑 4室次卧,徐东馨苑,910,http://wh.58.com/pinpaigongyu/31916534506828x.shtml?psid=126849078197877083214594494
【整租】云霄公寓 前进/江汉 前进二路店,前进/江汉,1180-1280,http://wh.58.com/pinpaigongyu/29237355359680x.shtml?psid=126849078197877083214594494
【合租】后湖 陌陌屋 3室次卧,陌陌屋,750,http://wh.58.com/pinpaigongyu/31927982982337x.shtml?psid=126849078197877083214594494
【合租】百步亭 幸福时代 3室次卧,幸福时代,800,http://wh.58.com/pinpaigongyu/31928045457476x.shtml?psid=126849078197877083214594494
【合租】光谷 保利时代 3室主卧,保利时代,1200,http://wh.58.com/pinpaigongyu/31906992102988x.shtml?psid=126849078197877083214594494
【整租】美滋梦 光谷 康泰花园店,光谷,1800-1900,http://wh.58.com/pinpaigongyu/31319796315976x.shtml?psid=126849078197877083214594494
【合租】关山 曙光星城B区 3室次卧,曙光星城B区,920,http://wh.58.com/pinpaigongyu/31839516622267x.shtml?psid=126849078197877083214594494
【合租】中北路 楚天都市雅园 4室主卧,楚天都市雅园,1200,http://wh.58.com/pinpaigongyu/31936626458560x.shtml?psid=126849078197877083214594494
【合租】百步亭 连城家园 3室次卧,连城家园,900,http://wh.58.com/pinpaigongyu/31928152983867x.shtml?psid=126849078197877083214594494
【合租】王家湾 人信汇(一期) 4室次卧,人信汇(一期),800,http://wh.58.com/pinpaigongyu/31938234627262x.shtml?psid=126849078197877083214594494
【整租】后湖 锦绣家园 3室1厅,锦绣家园,2500,http://wh.58.com/pinpaigongyu/31229755974218x.shtml?psid=135082416197877083270986561
【整租】光谷 成园小区 4室1厅,成园小区,3400,http://wh.58.com/pinpaigongyu/31958298982336x.shtml?psid=135082416197877083270986561
【整租】关山 丽岛漫城 3室2厅,丽岛漫城,3500,http://wh.58.com/pinpaigongyu/31394297992502x.shtml?psid=135082416197877083270986561
【合租】徐东 水岸星城B区 6室次卧,水岸星城B区,900,http://wh.58.com/pinpaigongyu/31662418189631x.shtml?psid=135082416197877083270986561
【整租】中南路 中南SOHO城 1室0厅,中南SOHO城,2200,http://wh.58.com/pinpaigongyu/30775318662479x.shtml?psid=135082416197877083270986561
【整租】后湖 锦绣家园 2室1厅,锦绣家园,2300,http://wh.58.com/pinpaigongyu/31659807741242x.shtml?psid=135082416197877083270986561
【整租】街道口 南国雄楚广场 1室0厅,南国雄楚广场,1400,http://wh.58.com/pinpaigongyu/31316768369855x.shtml?psid=135082416197877083270986561
【整租】美滋梦 后湖 塔子湖店,后湖,700-1000,http://wh.58.com/pinpaigongyu/31309504232263x.shtml?psid=135082416197877083270986561
【整租】光谷 南湖康泰花园 2室1厅,南湖康泰花园,2300,http://wh.58.com/pinpaigongyu/31950743308227x.shtml?psid=135082416197877083270986561
【合租】光谷 成园小区 4室主卧,成园小区,1000,http://wh.58.com/pinpaigongyu/31950671878956x.shtml?psid=135082416197877083270986561
【合租】古田 建荣嘉园 4室次卧,建荣嘉园,860,http://wh.58.com/pinpaigongyu/31925242136772x.shtml?psid=135082416197877083270986561
【整租】慕特青年公寓 新南湖 慕特青年公寓,新南湖,1670-1810,http://wh.58.com/pinpaigongyu/31950485717701x.shtml?psid=135082416197877083270986561
【合租】关山 南益巴黎豪庭 4室主卧,南益巴黎豪庭,1450,http://wh.58.com/pinpaigongyu/31907255593662x.shtml?psid=135082416197877083270986561
【合租】光谷 成园小区 3室主卧,成园小区,900,http://wh.58.com/pinpaigongyu/31907200741692x.shtml?psid=135082416197877083270986561
【合租】陈家湾 金鑫国际 3室主卧,金鑫国际,970,http://wh.58.com/pinpaigongyu/31907120261200x.shtml?psid=135082416197877083270986561
【整租】武汉自在遇 徐东 金地自在城店,徐东,1700,http://wh.58.com/pinpaigongyu/31530731559494x.shtml?psid=135082416197877083270986561
【合租】徐东 东湖尚郡 3室次卧,东湖尚郡,1160,http://wh.58.com/pinpaigongyu/31564604252366x.shtml?psid=135082416197877083270986561
【合租】关山 金地格林东郡 4室次卧,金地格林东郡,960,http://wh.58.com/pinpaigongyu/31939923454016x.shtml?psid=135082416197877083270986561
【合租】关山 金地格林东郡 3室次卧,金地格林东郡,990,http://wh.58.com/pinpaigongyu/31936755522895x.shtml?psid=135082416197877083270986561
【合租】卓刀泉 保利拉菲 3室次卧,保利拉菲,900,http://wh.58.com/pinpaigongyu/31907505936427x.shtml?psid=135082416197877083270986561
【整租】光谷 成园小区 4室1厅,成园小区,3400,http://wh.58.com/pinpaigongyu/31958359020467x.shtml?psid=108348664197877083359926226
【整租】鲁巷 南湖康泰花园海棠 2室1厅,南湖康泰花园海棠,2500,http://wh.58.com/pinpaigongyu/31950910874677x.shtml?psid=108348664197877083359926226
【整租】徐东 东湖庭园 1室0厅,东湖庭园,1300,http://wh.58.com/pinpaigongyu/31936515272001x.shtml?psid=108348664197877083359926226
【整租】光谷 成园小区 4室1厅,成园小区,3400,http://wh.58.com/pinpaigongyu/31261109229768x.shtml?psid=108348664197877083359926226
【整租】徐东 东湖庭园 1室1厅,东湖庭园,1500,http://wh.58.com/pinpaigongyu/31682180398377x.shtml?psid=108348664197877083359926226
【合租】徐东 兴华嘉天下 4室主卧,兴华嘉天下,1000,http://wh.58.com/pinpaigongyu/31714871787336x.shtml?psid=108348664197877083359926226
【整租】中南路 中南SOGO城 1室0厅,中南SOGO城,2200,http://wh.58.com/pinpaigongyu/30752944015294x.shtml?psid=108348664197877083359926226
【整租】后湖 塔子湖锦绣家园 3室1厅,塔子湖锦绣家园,2400,http://wh.58.com/pinpaigongyu/31926907987778x.shtml?psid=108348664197877083359926226
【整租】街道口 未来公馆 1室0厅,未来公馆,1300,http://wh.58.com/pinpaigongyu/31264312887247x.shtml?psid=108348664197877083359926226
【整租】后湖 锦绣家园 2室1厅,锦绣家园,2300,http://wh.58.com/pinpaigongyu/31429066485837x.shtml?psid=108348664197877083359926226
【合租】常青花园 美联奥林匹克花园 3室次卧,美联奥林匹克花园,960,http://wh.58.com/pinpaigongyu/31927948645055x.shtml?psid=108348664197877083359926226
【整租】优墨公寓 新华路 优墨菱角湖店,新华路,1180-1380,http://wh.58.com/pinpaigongyu/31583627430060x.shtml?psid=108348664197877083359926226
【合租】关山 曙光星城B区 4室次卧,曙光星城B区,860,http://wh.58.com/pinpaigongyu/31914419867186x.shtml?psid=108348664197877083359926226
【合租】关山 清江山水 3室次卧,清江山水,960,http://wh.58.com/pinpaigongyu/31907375447481x.shtml?psid=108348664197877083359926226
【合租】徐东 东湖景园B区 3室次卧,东湖景园B区,960,http://wh.58.com/pinpaigongyu/31564565479597x.shtml?psid=108348664197877083359926226
【整租】杰晨城市公寓 新南湖 书城路店,新南湖,1300-1500,http://wh.58.com/pinpaigongyu/31353062826923x.shtml?psid=108348664197877083359926226
【合租】徐东 东湖景园A区 4室次卧,东湖景园A区,900,http://wh.58.com/pinpaigongyu/31936574846544x.shtml?psid=108348664197877083359926226
【合租】百步亭 福星惠誉红桥城 3室次卧,福星惠誉红桥城,760,http://wh.58.com/pinpaigongyu/31927629472843x.shtml?psid=108348664197877083359926226
【合租】王家湾 王家湾中央生活区 3室主卧,王家湾中央生活区,1160,http://wh.58.com/pinpaigongyu/31564743449780x.shtml?psid=108348664197877083359926226
【合租】徐东 保利城 3室次卧,保利城,800,http://wh.58.com/pinpaigongyu/31948156580535x.shtml?psid=108348664197877083359926226
【整租】光谷 南湖康泰花园 1室0厅,南湖康泰花园,1600,http://wh.58.com/pinpaigongyu/31681539192110x.shtml?psid=161051288197877083413786108
【整租】鲁巷 南湖康泰花园海棠 1室0厅,南湖康泰花园海棠,1600,http://wh.58.com/pinpaigongyu/31894876816572x.shtml?psid=161051288197877083413786108
【整租】关山 光谷青年城 1室0厅,光谷青年城,1500,http://wh.58.com/pinpaigongyu/31958201135552x.shtml?psid=161051288197877083413786108
【整租】美滋梦 后湖 塔子湖店,后湖,2499-2800,http://wh.58.com/pinpaigongyu/31342558082633x.shtml?psid=161051288197877083413786108
【整租】光谷 成园小区 4室1厅,成园小区,3400,http://wh.58.com/pinpaigongyu/31950223051200x.shtml?psid=161051288197877083413786108
【整租】中南路 鹏程时代 1室0厅,鹏程时代,1600,http://wh.58.com/pinpaigongyu/31415652621501x.shtml?psid=161051288197877083413786108
【整租】街道口 未来公馆 1室0厅,未来公馆,1600,http://wh.58.com/pinpaigongyu/31264309218616x.shtml?psid=161051288197877083413786108
【整租】中南路 中南SOGO城 1室1厅,中南SOGO城,2000,http://wh.58.com/pinpaigongyu/30752578009289x.shtml?psid=161051288197877083413786108
【整租】中南路 中南SOHO 1室0厅,中南SOHO,2400,http://wh.58.com/pinpaigongyu/31504813129777x.shtml?psid=161051288197877083413786108
【整租】中南路 中南SOHO 1室0厅,中南SOHO,2000,http://wh.58.com/pinpaigongyu/31711646657098x.shtml?psid=161051288197877083413786108
【合租】徐东 保利城 3室次卧,保利城,830,http://wh.58.com/pinpaigongyu/31925413669834x.shtml?psid=161051288197877083413786108
【整租】魔方公寓（武汉） 武胜路 江汉一桥店,武胜路,1580-1730,http://wh.58.com/pinpaigongyu/28938955936327x.shtml?psid=161051288197877083413786108
【合租】关山 金地格林东郡 4室次卧,金地格林东郡,900,http://wh.58.com/pinpaigongyu/31928293168445x.shtml?psid=161051288197877083413786108
【合租】光谷 长航蓝晶国际A区 3室次卧,长航蓝晶国际A区,930,http://wh.58.com/pinpaigongyu/31883600132405x.shtml?psid=161051288197877083413786108
【合租】光谷 保利时代 3室次卧,保利时代,900,http://wh.58.com/pinpaigongyu/31885523905586x.shtml?psid=161051288197877083413786108
【整租】颜值公寓 金色港湾 女神公寓店,金色港湾,2800-3500,http://wh.58.com/pinpaigongyu/30799274048051x.shtml?psid=161051288197877083413786108
【合租】新南湖 芷岸龙庭 3室次卧,芷岸龙庭,710,http://wh.58.com/pinpaigongyu/31708169051445x.shtml?psid=161051288197877083413786108
【合租】建设二路 花样年花郡 3室次卧,花样年花郡,860,http://wh.58.com/pinpaigongyu/31740782780487x.shtml?psid=161051288197877083413786108
【合租】南湖花园 保利中央公馆 3室次卧,保利中央公馆,760,http://wh.58.com/pinpaigongyu/31708312883649x.shtml?psid=161051288197877083413786108
【合租】光谷 保利时代 3室主卧,保利时代,1110,http://wh.58.com/pinpaigongyu/31885555811256x.shtml?psid=161051288197877083413786108
【整租】广埠屯 天宝嘉苑 1室0厅,天宝嘉苑,1300,http://wh.58.com/pinpaigongyu/31826783977288x.shtml?psid=136344199197877083469208084
【整租】街道口 京韵花园 1室1厅,京韵花园,1600,http://wh.58.com/pinpaigongyu/31316804873130x.shtml?psid=136344199197877083469208084
【整租】鲁巷 南湖康泰花园海棠 1室1厅,南湖康泰花园海棠,1600,http://wh.58.com/pinpaigongyu/31894789557450x.shtml?psid=136344199197877083469208084
【整租】后湖 塔子湖锦绣家园幽 4室1厅,塔子湖锦绣家园幽,3600,http://wh.58.com/pinpaigongyu/31892330721981x.shtml?psid=136344199197877083469208084
【整租】鲁巷 南湖康泰花园海棠 1室1厅,南湖康泰花园海棠,1850,http://wh.58.com/pinpaigongyu/31947228372153x.shtml?psid=136344199197877083469208084
【整租】中南路 中南SOHO 1室0厅,中南SOHO,2000,http://wh.58.com/pinpaigongyu/31074104554164x.shtml?psid=136344199197877083469208084
【整租】后湖 塔子湖锦绣家园 3室1厅,塔子湖锦绣家园,2500,http://wh.58.com/pinpaigongyu/31648609857590x.shtml?psid=136344199197877083469208084
【整租】关山 光谷青年城 1室1厅,光谷青年城,1400,http://wh.58.com/pinpaigongyu/31894173408187x.shtml?psid=136344199197877083469208084
【合租】光谷 金地雄楚一号(商 5室主卧,金地雄楚一号(商,1400,http://wh.58.com/pinpaigongyu/31560440855610x.shtml?psid=136344199197877083469208084
【整租】鲁巷 南湖康泰花园海棠 1室1厅,南湖康泰花园海棠,1850,http://wh.58.com/pinpaigongyu/31947619943082x.shtml?psid=136344199197877083469208084
【合租】丁字桥 华亚新领地 3室次卧,华亚新领地,890,http://wh.58.com/pinpaigongyu/31707986178245x.shtml?psid=136344199197877083469208084
【整租】世联红璞公寓 武昌周边 阳逻店,武昌周边,750,http://wh.58.com/pinpaigongyu/30954530751306x.shtml?psid=136344199197877083469208084
【合租】钟家村 江欣苑 3室次卧,江欣苑,750,http://wh.58.com/pinpaigongyu/31575079579573x.shtml?psid=136344199197877083469208084
【合租】南湖花园 名士1号 3室次卧,名士1号,777,http://wh.58.com/pinpaigongyu/31708042636213x.shtml?psid=136344199197877083469208084
【整租】珞狮南路 幸福佳苑 1室1厅,幸福佳苑,1200,http://wh.58.com/pinpaigongyu/31814477435079x.shtml?psid=136344199197877083469208084
【整租】云霄公寓 前进/江汉 前进二路店,前进/江汉,1380-1680,http://wh.58.com/pinpaigongyu/29084782961595x.shtml?psid=136344199197877083469208084
【合租】光谷 光谷新世界 3室次卧,光谷新世界,930,http://wh.58.com/pinpaigongyu/31883614450379x.shtml?psid=136344199197877083469208084
【合租】关山 哈乐城中杰阳光 3室次卧,哈乐城中杰阳光,980,http://wh.58.com/pinpaigongyu/31885491991736x.shtml?psid=136344199197877083469208084
【合租】关山 丽岛漫城 3室次卧,丽岛漫城,900,http://wh.58.com/pinpaigongyu/31883587954628x.shtml?psid=136344199197877083469208084
【合租】古田 永利新城东苑 3室次卧,永利新城东苑,1130,http://wh.58.com/pinpaigongyu/31892647013952x.shtml?psid=136344199197877083469208084
【整租】后湖 奥林紫园 2室1厅,奥林紫园,2400,http://wh.58.com/pinpaigongyu/31726076753592x.shtml?psid=156221901197877083515310798
【整租】街道口 未来公馆 1室0厅,未来公馆,1600,http://wh.58.com/pinpaigongyu/31876051199560x.shtml?psid=156221901197877083515310798
【整租】中南路 中南SOHO城 1室1厅,中南SOHO城,2000,http://wh.58.com/pinpaigongyu/31316527998028x.shtml?psid=156221901197877083515310798
【整租】光谷 光谷成园小区 4室1厅,光谷成园小区,3400,http://wh.58.com/pinpaigongyu/31950340682051x.shtml?psid=156221901197877083515310798
【合租】徐东 水岸星城B区 6室次卧,水岸星城B区,700,http://wh.58.com/pinpaigongyu/31662428066615x.shtml?psid=156221901197877083515310798
【整租】美滋梦 后湖 塔子湖店,后湖,3400-3800,http://wh.58.com/pinpaigongyu/31309486658742x.shtml?psid=156221901197877083515310798
【整租】中南路 中南SOGO城 1室1厅,中南SOGO城,2000,http://wh.58.com/pinpaigongyu/31748507770281x.shtml?psid=156221901197877083515310798
【整租】鲁巷 南湖康泰花园海棠 1室1厅,南湖康泰花园海棠,1800,http://wh.58.com/pinpaigongyu/31958615842766x.shtml?psid=156221901197877083515310798
【整租】鲁巷 南湖康泰花园海棠 1室0厅,南湖康泰花园海棠,1650,http://wh.58.com/pinpaigongyu/31947370621871x.shtml?psid=156221901197877083515310798
【整租】后湖 塔子湖锦绣家园幽 4室1厅,塔子湖锦绣家园幽,3500,http://wh.58.com/pinpaigongyu/31959187279814x.shtml?psid=156221901197877083515310798
【整租】金色港湾 金色港湾 1室1厅,金色港湾,1870,http://wh.58.com/pinpaigongyu/31949821673283x.shtml?psid=156221901197877083515310798
【整租】慕特青年公寓 南湖花园 慕特青年公寓2,南湖花园,1590-1810,http://wh.58.com/pinpaigongyu/31099233314368x.shtml?psid=156221901197877083515310798
【合租】后湖 石桥花园一期 4室次卧,石桥花园一期,860,http://wh.58.com/pinpaigongyu/31954864070346x.shtml?psid=156221901197877083515310798
【合租】徐东 保利城 4室次卧,保利城,800,http://wh.58.com/pinpaigongyu/31938368562733x.shtml?psid=156221901197877083515310798
【合租】积玉桥 绿地国际金融城 4室主卧,绿地国际金融城,1110,http://wh.58.com/pinpaigongyu/31954450252093x.shtml?psid=156221901197877083515310798
【整租】武汉自在遇 徐东 金地自在城店,徐东,1600-1800,http://wh.58.com/pinpaigongyu/31275249366349x.shtml?psid=156221901197877083515310798
【合租】七里庙 汉阳七里铁路和谐 4室次卧,汉阳七里铁路和谐,900,http://wh.58.com/pinpaigongyu/31938404518956x.shtml?psid=156221901197877083515310798
【合租】珞狮南路 鸿福花园 4室主卧,鸿福花园,750,http://wh.58.com/pinpaigongyu/31814524224589x.shtml?psid=156221901197877083515310798
【合租】丁字桥 鸿岭花园 3室次卧,鸿岭花园,970,http://wh.58.com/pinpaigongyu/31928429607850x.shtml?psid=156221901197877083515310798
【合租】徐家棚 湖大琴园小区 4室次卧,湖大琴园小区,900,http://wh.58.com/pinpaigongyu/31928074577462x.shtml?psid=156221901197877083515310798
【合租】光谷 成园小区 4室次卧,成园小区,900,http://wh.58.com/pinpaigongyu/31958399806654x.shtml?psid=114287310197877083566050060
【合租】徐东 水岸星城B区 6室主卧,水岸星城B区,1200,http://wh.58.com/pinpaigongyu/31869461135915x.shtml?psid=114287310197877083566050060
【整租】街道口 未来公馆 1室0厅,未来公馆,1400,http://wh.58.com/pinpaigongyu/31560545205566x.shtml?psid=114287310197877083566050060
【整租】中南路 中南SOHO 1室0厅,中南SOHO,2400,http://wh.58.com/pinpaigongyu/31711680837062x.shtml?psid=114287310197877083566050060
【合租】徐东 橡树湾 3室次卧,橡树湾,1000,http://wh.58.com/pinpaigongyu/31477613787208x.shtml?psid=114287310197877083566050060
【整租】街道口 未来公馆 1室0厅,未来公馆,1300,http://wh.58.com/pinpaigongyu/31581705288238x.shtml?psid=114287310197877083566050060
【整租】中南路 中南SOHO城 1室1厅,中南SOHO城,2000,http://wh.58.com/pinpaigongyu/30775467205578x.shtml?psid=114287310197877083566050060
【合租】光谷 金地雄楚一号 4室主卧,金地雄楚一号,1400,http://wh.58.com/pinpaigongyu/31951862790720x.shtml?psid=114287310197877083566050060
【合租】光谷 金地雄楚一号(商 4室主卧,金地雄楚一号(商,1400,http://wh.58.com/pinpaigongyu/31560742318903x.shtml?psid=114287310197877083566050060
【合租】徐东 铂金天地 4室主卧,铂金天地,1000,http://wh.58.com/pinpaigongyu/31662401386320x.shtml?psid=114287310197877083566050060
【整租】珞狮南路 鸿福 3室1厅,鸿福,2500,http://wh.58.com/pinpaigongyu/31948359943116x.shtml?psid=114287310197877083566050060
【整租】优墨公寓 新华路 优墨菱角湖店,新华路,2680,http://wh.58.com/pinpaigongyu/31784943034291x.shtml?psid=114287310197877083566050060
【合租】徐东 徐东馨苑 3室次卧,徐东馨苑,850,http://wh.58.com/pinpaigongyu/31886630607032x.shtml?psid=114287310197877083566050060
【合租】光谷 成园小区 4室次卧,成园小区,700,http://wh.58.com/pinpaigongyu/31936864742587x.shtml?psid=114287310197877083566050060
【合租】积玉桥 绿地国际金融城 4室次卧,绿地国际金融城,970,http://wh.58.com/pinpaigongyu/31954451914798x.shtml?psid=114287310197877083566050060
【整租】美滋梦 竹叶山花桥 红桥新城,竹叶山花桥,2400-2500,http://wh.58.com/pinpaigongyu/31309505770704x.shtml?psid=114287310197877083566050060
【合租】关山 哈乐城中杰阳光 4室主卧,哈乐城中杰阳光,980,http://wh.58.com/pinpaigongyu/31936401067835x.shtml?psid=114287310197877083566050060
【整租】前进/江汉 宝利金中央荣御 1室0厅,宝利金中央荣御,1000,http://wh.58.com/pinpaigongyu/31863322978124x.shtml?psid=114287310197877083566050060
【整租】江汉路 世纪江尚 1室0厅,世纪江尚,1680,http://wh.58.com/pinpaigongyu/31586746154292x.shtml?psid=114287310197877083566050060
【整租】前进/江汉 安顺佳园 1室0厅,安顺佳园,1680,http://wh.58.com/pinpaigongyu/31586726852165x.shtml?psid=114287310197877083566050060
【整租】后湖 锦绣家园 2室2厅,锦绣家园,2300,http://wh.58.com/pinpaigongyu/31339362659138x.shtml?psid=155126219197877083610695548
【整租】街道口 南国雄楚广场 1室0厅,南国雄楚广场,1600,http://wh.58.com/pinpaigongyu/31711743530930x.shtml?psid=155126219197877083610695548
【整租】中南路 中南SOGO城 1室1厅,中南SOGO城,2400,http://wh.58.com/pinpaigongyu/31028695567311x.shtml?psid=155126219197877083610695548
【整租】后湖 塔子湖锦绣家园幽 3室1厅,塔子湖锦绣家园幽,2400,http://wh.58.com/pinpaigongyu/31869847272748x.shtml?psid=155126219197877083610695548
【整租】中南路 中南SOHO城 1室1厅,中南SOHO城,2200,http://wh.58.com/pinpaigongyu/31316669548335x.shtml?psid=155126219197877083610695548
【整租】中南路 中南SOGo城 1室1厅,中南SOGo城,2000,http://wh.58.com/pinpaigongyu/31711692300487x.shtml?psid=155126219197877083610695548
【合租】光谷 瑞成佳苑 3室主卧,瑞成佳苑,1000,http://wh.58.com/pinpaigongyu/31106440842554x.shtml?psid=155126219197877083610695548
【整租】中南路 中南SOHO 1室0厅,中南SOHO,2000,http://wh.58.com/pinpaigongyu/31803333362999x.shtml?psid=155126219197877083610695548
【整租】街道口 南国雄楚广场 1室0厅,南国雄楚广场,1600,http://wh.58.com/pinpaigongyu/31711787895471x.shtml?psid=155126219197877083610695548
【整租】后湖 锦绣家园 3室1厅,锦绣家园,2500,http://wh.58.com/pinpaigongyu/31681551533105x.shtml?psid=155126219197877083610695548
【合租】光谷 光谷新世界 4室次卧,光谷新世界,788,http://wh.58.com/pinpaigongyu/31936387846578x.shtml?psid=155126219197877083610695548
【整租】魔方公寓（武汉） 中南路 武昌火车站店,中南路,1390-1850,http://wh.58.com/pinpaigongyu/29782533512506x.shtml?psid=155126219197877083610695548
【整租】珞狮南路 鸿福花园 3室1厅,鸿福花园,2500,http://wh.58.com/pinpaigongyu/31947423962550x.shtml?psid=155126219197877083610695548
【合租】关山 中建康城东区 4室次卧,中建康城东区,960,http://wh.58.com/pinpaigongyu/31936930064073x.shtml?psid=155126219197877083610695548
【合租】光谷 统建天成美景 4室次卧,统建天成美景,800,http://wh.58.com/pinpaigongyu/31936550078909x.shtml?psid=155126219197877083610695548
【整租】颜值公寓 卓刀泉 可遇公寓虎泉店,卓刀泉,1650-2000,http://wh.58.com/pinpaigongyu/30192454787915x.shtml?psid=155126219197877083610695548
【合租】丁字桥 鸿岭花园 4室次卧,鸿岭花园,970,http://wh.58.com/pinpaigongyu/31917123534780x.shtml?psid=155126219197877083610695548
【合租】丁字桥 百瑞景中央生活区 4室次卧,百瑞景中央生活区,1010,http://wh.58.com/pinpaigongyu/31914523030965x.shtml?psid=155126219197877083610695548
【整租】金色港湾 金色港湾 1室1厅,金色港湾,1880,http://wh.58.com/pinpaigongyu/31371569154882x.shtml?psid=155126219197877083610695548
【合租】丁字桥 鸿岭花园 3室次卧,鸿岭花园,960,http://wh.58.com/pinpaigongyu/31954323158456x.shtml?psid=155126219197877083610695548
【整租】鲁巷 南湖康泰花园海棠 1室0厅,南湖康泰花园海棠,1600,http://wh.58.com/pinpaigongyu/31950986556356x.shtml?psid=133852484197877083662469048
【合租】积玉桥 中环国际 4室主卧,中环国际,1500,http://wh.58.com/pinpaigongyu/31884475756587x.shtml?psid=133852484197877083662469048
【整租】街道口 未来公馆 1室0厅,未来公馆,1600,http://wh.58.com/pinpaigongyu/30987667916075x.shtml?psid=133852484197877083662469048
【整租】中南路 中南SOHO 1室0厅,中南SOHO,2000,http://wh.58.com/pinpaigongyu/31748411111850x.shtml?psid=133852484197877083662469048
【合租】鲁巷 金地雄楚一号 4室主卧,金地雄楚一号,1400,http://wh.58.com/pinpaigongyu/31950392806454x.shtml?psid=133852484197877083662469048
【整租】后湖 塔子湖锦绣家园幽 2室1厅,塔子湖锦绣家园幽,2400,http://wh.58.com/pinpaigongyu/31959242094780x.shtml?psid=133852484197877083662469048
【整租】鲁巷 南湖康泰花园海棠 1室1厅,南湖康泰花园海棠,1600,http://wh.58.com/pinpaigongyu/31894975265069x.shtml?psid=133852484197877083662469048
【整租】美滋梦 后湖 塔子湖店,后湖,3400-3800,http://wh.58.com/pinpaigongyu/31431101117624x.shtml?psid=133852484197877083662469048
【整租】后湖 锦绣家园 3室1厅,锦绣家园,2500,http://wh.58.com/pinpaigongyu/31681528172487x.shtml?psid=133852484197877083662469048
【合租】徐东 兴华嘉天下 4室次卧,兴华嘉天下,900,http://wh.58.com/pinpaigongyu/31477623137585x.shtml?psid=133852484197877083662469048
【合租】丁字桥 百瑞景中央生活区 4室次卧,百瑞景中央生活区,1040,http://wh.58.com/pinpaigongyu/31916949120462x.shtml?psid=133852484197877083662469048
【整租】云霄公寓 前进/江汉 前进二路店,前进/江汉,1180-1680,http://wh.58.com/pinpaigongyu/29084779900234x.shtml?psid=133852484197877083662469048
【合租】徐东 福星惠誉国际城 3室主卧,福星惠誉国际城,850,http://wh.58.com/pinpaigongyu/31954696856263x.shtml?psid=133852484197877083662469048
【合租】后湖 融创公园壹号 4室主卧,融创公园壹号,1260,http://wh.58.com/pinpaigongyu/31905980747469x.shtml?psid=133852484197877083662469048
【整租】后湖 石桥花园一期 1室0厅,石桥花园一期,600,http://wh.58.com/pinpaigongyu/31883310813629x.shtml?psid=133852484197877083662469048
【整租】慕特青年公寓 新南湖 慕特青年公寓,新南湖,1520-1730,http://wh.58.com/pinpaigongyu/31099312283448x.shtml?psid=133852484197877083662469048
【合租】积玉桥 绿地国际金融城 4室次卧,绿地国际金融城,960,http://wh.58.com/pinpaigongyu/31886659728832x.shtml?psid=133852484197877083662469048
【合租】钟家村 瑞园住宅小区 3室次卧,瑞园住宅小区,830,http://wh.58.com/pinpaigongyu/31378700100406x.shtml?psid=133852484197877083662469048
【合租】徐东 东湖庭园 4室次卧,东湖庭园,850,http://wh.58.com/pinpaigongyu/31886646458161x.shtml?psid=133852484197877083662469048
【合租】关山 光谷青年城 4室次卧,光谷青年城,830,http://wh.58.com/pinpaigongyu/31936520025783x.shtml?psid=133852484197877083662469048
【整租】光谷 祥和雅居 3室1厅,祥和雅居,1050,http://wh.58.com/pinpaigongyu/31936290034105x.shtml?psid=132762063197877083709381430
【整租】中南路 中南SOHO城 1室1厅,中南SOHO城,2400,http://wh.58.com/pinpaigongyu/30942111769531x.shtml?psid=132762063197877083709381430
【整租】街道口 南国雄楚广场 1室0厅,南国雄楚广场,1400,http://wh.58.com/pinpaigongyu/31074111443254x.shtml?psid=132762063197877083709381430
【合租】新华路 三金华都 1室主卧,三金华都,1400,http://wh.58.com/pinpaigongyu/31239741190349x.shtml?psid=132762063197877083709381430
【整租】光谷 成园 4室1厅,成园,3400,http://wh.58.com/pinpaigongyu/30610141578951x.shtml?psid=132762063197877083709381430
【整租】关山 光谷青年城 1室0厅,光谷青年城,1500,http://wh.58.com/pinpaigongyu/31951923215183x.shtml?psid=132762063197877083709381430
【整租】关山 光谷青年城 1室1厅,光谷青年城,1500,http://wh.58.com/pinpaigongyu/31947497689006x.shtml?psid=132762063197877083709381430
【整租】街道口 南国雄楚广场 1室0厅,南国雄楚广场,1400,http://wh.58.com/pinpaigongyu/31074106481615x.shtml?psid=132762063197877083709381430
【整租】徐东 东湖庭园 1室0厅,东湖庭园,1300,http://wh.58.com/pinpaigongyu/31637114743120x.shtml?psid=132762063197877083709381430
【整租】光谷 南湖康泰花园海棠 1室0厅,南湖康泰花园海棠,1700,http://wh.58.com/pinpaigongyu/31935972952636x.shtml?psid=132762063197877083709381430
【合租】唐家墩 新华西美林公馆 1室主卧,新华西美林公馆,850,http://wh.58.com/pinpaigongyu/31807673688369x.shtml?psid=132762063197877083709381430
【整租】武汉自在遇 徐东 金地自在城店,徐东,1600-1800,http://wh.58.com/pinpaigongyu/31275259105321x.shtml?psid=132762063197877083709381430
【合租】积玉桥 绿地国际金融城 3室主卧,绿地国际金融城,1100,http://wh.58.com/pinpaigongyu/31886852002884x.shtml?psid=132762063197877083709381430
【合租】光谷 保利花园西区 4室次卧,保利花园西区,1200,http://wh.58.com/pinpaigongyu/31936919770929x.shtml?psid=132762063197877083709381430
【合租】积玉桥 绿地国际金融城 4室次卧,绿地国际金融城,1000,http://wh.58.com/pinpaigongyu/31400662512182x.shtml?psid=132762063197877083709381430
【整租】优墨公寓 前进/江汉 优墨公寓江汉路,前进/江汉,980-1050,http://wh.58.com/pinpaigongyu/31298220195271x.shtml?psid=132762063197877083709381430
【合租】珞狮南路 金地天悦 3室主卧,金地天悦,1150,http://wh.58.com/pinpaigongyu/31909493877319x.shtml?psid=132762063197877083709381430
【合租】后湖 汉口城市广场 3室次卧,汉口城市广场,800,http://wh.58.com/pinpaigongyu/31906369884747x.shtml?psid=132762063197877083709381430
【合租】钟家村 广电兰亭都荟 3室次卧,广电兰亭都荟,850,http://wh.58.com/pinpaigongyu/31950849144245x.shtml?psid=132762063197877083709381430
【整租】光谷 保利茉莉公馆 1室1厅,保利茉莉公馆,1710,http://wh.58.com/pinpaigongyu/31740801223622x.shtml?psid=132762063197877083709381430
【整租】美滋梦 光谷 创业街店,光谷,3800-4500,http://wh.58.com/pinpaigongyu/30985912143286x.shtml?psid=176290576197877083762156504
【整租】关山 光谷青年城 1室0厅,光谷青年城,1500,http://wh.58.com/pinpaigongyu/31958155328187x.shtml?psid=176290576197877083762156504
【整租】美滋梦 后湖 塔子湖店,后湖,2300-2700,http://wh.58.com/pinpaigongyu/31352744237005x.shtml?psid=176290576197877083762156504
【整租】中南路 中南SOHO城 1室1厅,中南SOHO城,2000,http://wh.58.com/pinpaigongyu/31552254847537x.shtml?psid=176290576197877083762156504
【整租】中南路 中南SOHO 1室0厅,中南SOHO,2000,http://wh.58.com/pinpaigongyu/31540263616941x.shtml?psid=176290576197877083762156504
【整租】美滋梦 光谷 康泰花园店,光谷,1650-1700,http://wh.58.com/pinpaigongyu/31242792676416x.shtml?psid=176290576197877083762156504
【整租】中南路 鹏程时代 1室0厅,鹏程时代,1600,http://wh.58.com/pinpaigongyu/31552259006394x.shtml?psid=176290576197877083762156504
【合租】积玉桥 中环国际 4室次卧,中环国际,1300,http://wh.58.com/pinpaigongyu/31884891913393x.shtml?psid=176290576197877083762156504
【整租】光谷 成园小区 4室1厅,成园小区,3400,http://wh.58.com/pinpaigongyu/31936164841930x.shtml?psid=176290576197877083762156504
【整租】街道口 未来公馆 1室0厅,未来公馆,1400,http://wh.58.com/pinpaigongyu/31493066266172x.shtml?psid=176290576197877083762156504
【合租】后湖 石桥花园一期 4室次卧,石桥花园一期,860,http://wh.58.com/pinpaigongyu/31918903271355x.shtml?psid=176290576197877083762156504
【整租】美滋梦 中北路 欢乐谷店,中北路,1600-1800,http://wh.58.com/pinpaigongyu/31796092453299x.shtml?psid=176290576197877083762156504
【合租】珞狮南路 金地天悦 4室次卧,金地天悦,910,http://wh.58.com/pinpaigongyu/31914413144876x.shtml?psid=176290576197877083762156504
【合租】珞狮南路 鸿城家园 3室次卧,鸿城家园,700,http://wh.58.com/pinpaigongyu/31891589713992x.shtml?psid=176290576197877083762156504
【合租】宗关 中民长青国际 3室主卧,中民长青国际,1080,http://wh.58.com/pinpaigongyu/31892316882765x.shtml?psid=176290576197877083762156504
【整租】魔方公寓（武汉） 中南路 武昌火车站店,中南路,1550-2420,http://wh.58.com/pinpaigongyu/29782558561213x.shtml?psid=176290576197877083762156504
【合租】后湖 汉口城市广场 3室次卧,汉口城市广场,800,http://wh.58.com/pinpaigongyu/31884775906890x.shtml?psid=176290576197877083762156504
【合租】新南湖 芷岸龙庭 3室次卧,芷岸龙庭,750,http://wh.58.com/pinpaigongyu/31891568015274x.shtml?psid=176290576197877083762156504
【合租】丁字桥 岭上府 4室次卧,岭上府,870,http://wh.58.com/pinpaigongyu/31884909466802x.shtml?psid=176290576197877083762156504
【合租】杨汊湖 城开汉口秀园 1室次卧,城开汉口秀园,1000,http://wh.58.com/pinpaigongyu/31615359288639x.shtml?psid=176290576197877083762156504
【整租】光谷 康泰花园 1室1厅,康泰花园,1900,http://wh.58.com/pinpaigongyu/31947748252842x.shtml?psid=113783771197877083810089772
【整租】后湖 奥林紫园 2室2厅,奥林紫园,2400,http://wh.58.com/pinpaigongyu/31570980295241x.shtml?psid=113783771197877083810089772
【合租】徐东 铂金天地 3室次卧,铂金天地,800,http://wh.58.com/pinpaigongyu/31484676098756x.shtml?psid=113783771197877083810089772
【合租】徐东 铂金天地 4室次卧,铂金天地,850,http://wh.58.com/pinpaigongyu/31715021766958x.shtml?psid=113783771197877083810089772
【整租】中南路 中南SOHO 1室0厅,中南SOHO,2000,http://wh.58.com/pinpaigongyu/31711718636212x.shtml?psid=113783771197877083810089772
【整租】鲁巷 南湖康泰花园海棠 1室1厅,南湖康泰花园海棠,1800,http://wh.58.com/pinpaigongyu/31794944247606x.shtml?psid=113783771197877083810089772
【整租】鲁巷 南湖康泰花园海棠 1室0厅,南湖康泰花园海棠,1500,http://wh.58.com/pinpaigongyu/31881459832779x.shtml?psid=113783771197877083810089772
【合租】徐东 水岸星城B区 6室次卧,水岸星城B区,700,http://wh.58.com/pinpaigongyu/31714998196167x.shtml?psid=113783771197877083810089772
【整租】积玉桥 友谊国际 1室1厅,友谊国际,2300,http://wh.58.com/pinpaigongyu/31748001967404x.shtml?psid=113783771197877083810089772
【整租】光谷 南湖康泰花园 1室0厅,南湖康泰花园,1600,http://wh.58.com/pinpaigongyu/31527617499586x.shtml?psid=113783771197877083810089772
【合租】汉正街 友谊路小区 1室主卧,友谊路小区,1380,http://wh.58.com/pinpaigongyu/31684764675890x.shtml?psid=113783771197877083810089772
【整租】颜值公寓 广埠屯 武大新锐公寓,广埠屯,1450-1800,http://wh.58.com/pinpaigongyu/30181279140421x.shtml?psid=113783771197877083810089772
【合租】常青 福星惠誉福星城北 1室次卧,福星惠誉福星城北,860,http://wh.58.com/pinpaigongyu/31805842861883x.shtml?psid=113783771197877083810089772
【合租】古田 建荣嘉园 3室次卧,建荣嘉园,980,http://wh.58.com/pinpaigongyu/31946984750017x.shtml?psid=113783771197877083810089772
【整租】常青 金色雅园金源苑 1室0厅,金色雅园金源苑,700,http://wh.58.com/pinpaigongyu/31808939942190x.shtml?psid=113783771197877083810089772
【整租】武汉自在遇 徐东 金地自在城店,徐东,1800-1900,http://wh.58.com/pinpaigongyu/31606878832580x.shtml?psid=113783771197877083810089772
【合租】珞狮南路 鸿福花园 5室主卧,鸿福花园,750,http://wh.58.com/pinpaigongyu/31805437938484x.shtml?psid=113783771197877083810089772
【合租】徐东 兴华嘉天下 4室次卧,兴华嘉天下,900,http://wh.58.com/pinpaigongyu/31543834953775x.shtml?psid=113783771197877083810089772
【合租】关山 光谷青年城 4室次卧,光谷青年城,860,http://wh.58.com/pinpaigongyu/31954431347776x.shtml?psid=113783771197877083810089772
【合租】王家湾 名士华府 4室次卧,名士华府,900,http://wh.58.com/pinpaigongyu/31400479181119x.shtml?psid=113783771197877083810089772
【整租】光谷 祥和雅居 3室1厅,祥和雅居,2900,http://wh.58.com/pinpaigongyu/31880787000137x.shtml?psid=170942908197877083877532127
【整租】光谷 康泰花园 1室1厅,康泰花园,1900,http://wh.58.com/pinpaigongyu/31936040627643x.shtml?psid=170942908197877083877532127
【整租】鲁巷 南湖康泰花园海棠 1室1厅,南湖康泰花园海棠,1800,http://wh.58.com/pinpaigongyu/31950949237838x.shtml?psid=170942908197877083877532127
【整租】街道口 南国雄楚广场 1室0厅,南国雄楚广场,1400,http://wh.58.com/pinpaigongyu/31074102272968x.shtml?psid=170942908197877083877532127
【合租】徐东 武汉三角花园小区 3室主卧,武汉三角花园小区,1100,http://wh.58.com/pinpaigongyu/31714920424367x.shtml?psid=170942908197877083877532127
【整租】美滋梦 光谷 创业街店,光谷,3800-4500,http://wh.58.com/pinpaigongyu/30986970467664x.shtml?psid=170942908197877083877532127
【整租】鲁巷 南湖康泰花园海棠 1室1厅,南湖康泰花园海棠,1800,http://wh.58.com/pinpaigongyu/31585720868905x.shtml?psid=170942908197877083877532127
【整租】徐东 东湖庭园 1室1厅,东湖庭园,1500,http://wh.58.com/pinpaigongyu/31540212702522x.shtml?psid=170942908197877083877532127
【整租】后湖 锦绣家园 4室1厅,锦绣家园,3500,http://wh.58.com/pinpaigongyu/31681511646636x.shtml?psid=170942908197877083877532127
【整租】后湖 塔子湖锦绣家园 3室1厅,塔子湖锦绣家园,2600,http://wh.58.com/pinpaigongyu/31950724413008x.shtml?psid=170942908197877083877532127
【整租】杨汊湖 新华家园悦景居 1室1厅,新华家园悦景居,2200,http://wh.58.com/pinpaigongyu/31924279426482x.shtml?psid=170942908197877083877532127
【整租】优墨公寓 新华路 优墨菱角湖店,新华路,1680-1780,http://wh.58.com/pinpaigongyu/31463191829422x.shtml?psid=170942908197877083877532127
【合租】徐东 兴华嘉天下 4室次卧,兴华嘉天下,900,http://wh.58.com/pinpaigongyu/31543834953775x.shtml?psid=170942908197877083877532127
【合租】关山 光谷青年城 4室次卧,光谷青年城,860,http://wh.58.com/pinpaigongyu/31954431347776x.shtml?psid=170942908197877083877532127
【合租】王家湾 名士华府 4室次卧,名士华府,900,http://wh.58.com/pinpaigongyu/31400479181119x.shtml?psid=170942908197877083877532127
【整租】魔方公寓（武汉） 吴家山 东西湖店,吴家山,1200-2000,http://wh.58.com/pinpaigongyu/29362851825835x.shtml?psid=170942908197877083877532127
【合租】陈家湾 金鑫国际 4室主卧,金鑫国际,970,http://wh.58.com/pinpaigongyu/31909555068233x.shtml?psid=170942908197877083877532127
【合租】珞狮南路 金地格林小城美茵 4室次卧,金地格林小城美茵,810,http://wh.58.com/pinpaigongyu/31954828516522x.shtml?psid=170942908197877083877532127
【整租】珞狮南路 幸福佳苑 1室0厅,幸福佳苑,1500,http://wh.58.com/pinpaigongyu/31526789375794x.shtml?psid=170942908197877083877532127
【合租】关山 丽岛漫城 4室主卧,丽岛漫城,988,http://wh.58.com/pinpaigongyu/31954375925303x.shtml?psid=170942908197877083877532127
【合租】洪山周边 武丰佳园 4室次卧,武丰佳园,800,http://wh.58.com/pinpaigongyu/31662460205765x.shtml?psid=120919315197877083929419226
【整租】鲁巷 南湖康泰花园海棠 1室0厅,南湖康泰花园海棠,1500,http://wh.58.com/pinpaigongyu/31870338304053x.shtml?psid=120919315197877083929419226
【整租】美滋梦 光谷 创业街店,光谷,3000-3800,http://wh.58.com/pinpaigongyu/30986969594426x.shtml?psid=120919315197877083929419226
【整租】徐东 东湖庭园 1室0厅,东湖庭园,1200,http://wh.58.com/pinpaigongyu/31450842711104x.shtml?psid=120919315197877083929419226
【整租】鲁巷 南湖康泰花园海棠 1室0厅,南湖康泰花园海棠,1600,http://wh.58.com/pinpaigongyu/31882893877833x.shtml?psid=120919315197877083929419226
【合租】徐东 橡树湾 3室次卧,橡树湾,800,http://wh.58.com/pinpaigongyu/31714947944906x.shtml?psid=120919315197877083929419226
【合租】徐东 水岸星城B区 5室次卧,水岸星城B区,600,http://wh.58.com/pinpaigongyu/31715074414516x.shtml?psid=120919315197877083929419226
【整租】美滋梦 光谷 康泰花园店,光谷,3500-4200,http://wh.58.com/pinpaigongyu/31319809801278x.shtml?psid=120919315197877083929419226
【整租】后湖 塔子湖锦绣家园 2室1厅,塔子湖锦绣家园,2300,http://wh.58.com/pinpaigongyu/31494284380975x.shtml?psid=120919315197877083929419226
【合租】光谷 成园小区 4室次卧,成园小区,850,http://wh.58.com/pinpaigongyu/31936488042154x.shtml?psid=120919315197877083929419226
【合租】徐东 金地自在城 4室主卧,金地自在城,1260,http://wh.58.com/pinpaigongyu/31378766302009x.shtml?psid=120919315197877083929419226
【整租】美滋梦 中北路 欢乐谷店,中北路,1600-1800,http://wh.58.com/pinpaigongyu/31795937950507x.shtml?psid=120919315197877083929419226
【合租】徐东 东原时光道 4室主卧,东原时光道,1110,http://wh.58.com/pinpaigongyu/31954485703240x.shtml?psid=120919315197877083929419226
【合租】珞狮南路 鸿福花园 4室次卧,鸿福花园,700,http://wh.58.com/pinpaigongyu/31947372625981x.shtml?psid=120919315197877083929419226
【合租】王家湾 金龙公馆 3室次卧,金龙公馆,900,http://wh.58.com/pinpaigongyu/31938597560526x.shtml?psid=120919315197877083929419226
【整租】颜值公寓 卓刀泉 可遇公寓虎泉店,卓刀泉,1350-1400,http://wh.58.com/pinpaigongyu/30159287327302x.shtml?psid=120919315197877083929419226
【合租】徐家棚 湖大琴园小区 4室次卧,湖大琴园小区,1000,http://wh.58.com/pinpaigongyu/31925835654968x.shtml?psid=120919315197877083929419226
【合租】杨汊湖 中国水电盛世江城 4室次卧,中国水电盛世江城,900,http://wh.58.com/pinpaigongyu/31951447783225x.shtml?psid=120919315197877083929419226
【合租】光谷 统建天成美景 4室次卧,统建天成美景,800,http://wh.58.com/pinpaigongyu/31954589526060x.shtml?psid=120919315197877083929419226
【合租】徐东 东原时光道 4室次卧,东原时光道,900,http://wh.58.com/pinpaigongyu/31954483121742x.shtml?psid=120919315197877083929419226
【整租】鲁巷 南湖康泰花园海棠 1室1厅,南湖康泰花园海棠,1850,http://wh.58.com/pinpaigongyu/31947415027373x.shtml?psid=138665777197877083995716352
【整租】美滋梦 后湖 塔子湖店,后湖,2200-2400,http://wh.58.com/pinpaigongyu/31342545581629x.shtml?psid=138665777197877083995716352
【合租】光谷 祥和雅居 4室主卧,祥和雅居,1150,http://wh.58.com/pinpaigongyu/30686545857080x.shtml?psid=138665777197877083995716352
【整租】中南路 中南SOHO城 1室1厅,中南SOHO城,2400,http://wh.58.com/pinpaigongyu/31552242916419x.shtml?psid=138665777197877083995716352
【合租】光谷 光谷新世界 4室次卧,光谷新世界,930,http://wh.58.com/pinpaigongyu/31954167199147x.shtml?psid=138665777197877083995716352
【整租】优墨公寓 前进/江汉 优墨公寓江汉路,前进/江汉,1390-1580,http://wh.58.com/pinpaigongyu/31298231995727x.shtml?psid=138665777197877083995716352
【合租】建设二路 花样年花郡 4室主卧,花样年花郡,1210,http://wh.58.com/pinpaigongyu/31925851166013x.shtml?psid=138665777197877083995716352
【合租】光谷 保利时代 4室主卧,保利时代,1200,http://wh.58.com/pinpaigongyu/31909267624528x.shtml?psid=138665777197877083995716352
【合租】珞狮南路 金地天悦 4室主卧,金地天悦,1060,http://wh.58.com/pinpaigongyu/31566721526853x.shtml?psid=138665777197877083995716352
【整租】武汉自在遇 徐东 金地自在城店,徐东,1600-1900,http://wh.58.com/pinpaigongyu/31519417083444x.shtml?psid=138665777197877083995716352
【整租】鲁巷 南湖康泰花园海棠 1室1厅,南湖康泰花园海棠,1800,http://wh.58.com/pinpaigongyu/31958566330666x.shtml?psid=138665777197877083995716352
【合租】和平大道 林秀家园 5室次卧,林秀家园,910,http://wh.58.com/pinpaigongyu/31954533284809x.shtml?psid=138665777197877083995716352
【合租】后湖 石桥花园一期 3室次卧,石桥花园一期,850,http://wh.58.com/pinpaigongyu/31938477853482x.shtml?psid=138665777197877083995716352
【合租】光谷 长航蓝晶国际A区 4室次卧,长航蓝晶国际A区,960,http://wh.58.com/pinpaigongyu/31907521102007x.shtml?psid=138665777197877083995716352
【合租】徐东 东湖景园B区 4室次卧,东湖景园B区,1170,http://wh.58.com/pinpaigongyu/31925866769486x.shtml?psid=138665777197877083995716352
【整租】常青 万景国际 1室0厅,万景国际,1200,http://wh.58.com/pinpaigongyu/31892958130378x.shtml?psid=138665777197877083995716352
【整租】金色港湾 金色港湾 1室1厅,金色港湾,1870,http://wh.58.com/pinpaigongyu/31958881420615x.shtml?psid=138665777197877083995716352
【合租】关山 光谷8号 3室次卧,光谷8号,930,http://wh.58.com/pinpaigongyu/31954745468614x.shtml?psid=138665777197877083995716352
【合租】南湖花园 名士1号 3室次卧,名士1号,930,http://wh.58.com/pinpaigongyu/31954634592812x.shtml?psid=138665777197877083995716352
【合租】和平大道 林秀家园 4室主卧,林秀家园,1030,http://wh.58.com/pinpaigongyu/31954544546504x.shtml?psid=138665777197877083995716352
【合租】关山 丽岛漫城 4室次卧,丽岛漫城,988,http://wh.58.com/pinpaigongyu/31907372228298x.shtml?psid=192639052197877084064652720
【整租】魔方公寓（武汉） 徐东 东湖店,徐东,1800-3000,http://wh.58.com/pinpaigongyu/30133894393032x.shtml?psid=192639052197877084064652720
【整租】美滋梦 光谷 康泰花园店,光谷,1800-1900,http://wh.58.com/pinpaigongyu/31319796315976x.shtml?psid=192639052197877084064652720
【合租】徐东 东湖庭园 3室次卧,东湖庭园,750,http://wh.58.com/pinpaigongyu/31938637223738x.shtml?psid=192639052197877084064652720
【合租】光谷 葛洲坝世纪花园 4室主卧,葛洲坝世纪花园,1110,http://wh.58.com/pinpaigongyu/31954359174851x.shtml?psid=192639052197877084064652720
【整租】美滋梦 光谷 创业街店,光谷,1000-1300,http://wh.58.com/pinpaigongyu/31884584822067x.shtml?psid=192639052197877084064652720
【合租】南湖花园 保利中央公馆 4室次卧,保利中央公馆,850,http://wh.58.com/pinpaigongyu/31939710926408x.shtml?psid=192639052197877084064652720
【合租】后湖 星悦城(一期) 3室次卧,星悦城(一期),760,http://wh.58.com/pinpaigongyu/31400558981322x.shtml?psid=192639052197877084064652720
【合租】关山 金地格林东郡 4室次卧,金地格林东郡,910,http://wh.58.com/pinpaigongyu/31954210103750x.shtml?psid=192639052197877084064652720
【合租】积玉桥 绿地国际金融城 3室次卧,绿地国际金融城,970,http://wh.58.com/pinpaigongyu/31951407838411x.shtml?psid=192639052197877084064652720
【整租】街道口 鸿桂苑东区 2室1厅,鸿桂苑东区,2300,http://wh.58.com/pinpaigongyu/31939705148994x.shtml?psid=192639052197877084064652720
【合租】珞狮南路 保利心语九区 4室次卧,保利心语九区,750,http://wh.58.com/pinpaigongyu/31954826772018x.shtml?psid=192639052197877084064652720
【合租】光谷 保利时代 4室次卧,保利时代,960,http://wh.58.com/pinpaigongyu/31954193542861x.shtml?psid=192639052197877084064652720
【整租】珞狮南路 鸿达苑 2室2厅,鸿达苑,2400,http://wh.58.com/pinpaigongyu/31938541777613x.shtml?psid=192639052197877084064652720
【整租】光谷 光谷新世界 4室1厅,光谷新世界,3530,http://wh.58.com/pinpaigongyu/31907613348286x.shtml?psid=192639052197877084064652720
【合租】徐东 徐东馨苑 3室次卧,徐东馨苑,860,http://wh.58.com/pinpaigongyu/31954064550988x.shtml?psid=192639052197877084064652720
【合租】关山 金地格林东郡 5室主卧,金地格林东郡,1110,http://wh.58.com/pinpaigongyu/31909518079675x.shtml?psid=192639052197877084064652720
【合租】珞狮南路 幸福佳苑 4室次卧,幸福佳苑,750,http://wh.58.com/pinpaigongyu/31958390825901x.shtml?psid=192639052197877084064652720
【合租】关山 金地格林东郡 4室主卧,金地格林东郡,1110,http://wh.58.com/pinpaigongyu/31954230732984x.shtml?psid=192639052197877084064652720
【合租】徐家棚 湖大琴园小区 4室次卧,湖大琴园小区,850,http://wh.58.com/pinpaigongyu/31939694129615x.shtml?psid=192639052197877084064652720
【整租】丁字桥 向阳佳苑 2室2厅,向阳佳苑,2800,http://wh.58.com/pinpaigongyu/31837222077230x.shtml?psid=198535192197877084111780451
【整租】优墨公寓 前进/江汉 优墨公寓江汉路,前进/江汉,1880-1980,http://wh.58.com/pinpaigongyu/31298309016132x.shtml?psid=198535192197877084111780451
【合租】杨园 橡树湾 3室主卧,橡树湾,1140,http://wh.58.com/pinpaigongyu/31378652631998x.shtml?psid=198535192197877084111780451
【合租】徐东 金地自在城 4室次卧,金地自在城,800,http://wh.58.com/pinpaigongyu/31925857292610x.shtml?psid=198535192197877084111780451
【合租】光谷 光谷新世界 4室主卧,光谷新世界,988,http://wh.58.com/pinpaigongyu/31909153254339x.shtml?psid=198535192197877084111780451
【整租】魔方公寓（武汉） 徐东 东湖店,徐东,1800-3000,http://wh.58.com/pinpaigongyu/30133882286270x.shtml?psid=198535192197877084111780451
【合租】珞狮南路 幸福佳苑 4室主卧,幸福佳苑,1000,http://wh.58.com/pinpaigongyu/31947328918079x.shtml?psid=198535192197877084111780451
【合租】徐东 徐东馨苑 4室主卧,徐东馨苑,1160,http://wh.58.com/pinpaigongyu/31954505117109x.shtml?psid=198535192197877084111780451
【合租】关山 金地格林东郡 4室次卧,金地格林东郡,850,http://wh.58.com/pinpaigongyu/31954244289724x.shtml?psid=198535192197877084111780451
【合租】关山 保利花园东区 4室次卧,保利花园东区,900,http://wh.58.com/pinpaigongyu/31954128732602x.shtml?psid=198535192197877084111780451
【合租】王家湾 陶馨阁 4室次卧,陶馨阁,900,http://wh.58.com/pinpaigongyu/31938548500783x.shtml?psid=198535192197877084111780451
【合租】新南湖 保利心语马克先生 4室次卧,保利心语马克先生,650,http://wh.58.com/pinpaigongyu/31938458063814x.shtml?psid=198535192197877084111780451
【整租】珞狮南路 幸福佳苑 1室1厅,幸福佳苑,1500,http://wh.58.com/pinpaigongyu/31804829756736x.shtml?psid=198535192197877084111780451
【整租】珞狮南路 幸福佳苑 1室1厅,幸福佳苑,1200,http://wh.58.com/pinpaigongyu/31948263398990x.shtml?psid=198535192197877084111780451
【整租】街道口 鸿桂苑东区 2室1厅,鸿桂苑东区,2300,http://wh.58.com/pinpaigongyu/31917668116548x.shtml?psid=198535192197877084111780451
【合租】光谷 保利时代 4室主卧,保利时代,988,http://wh.58.com/pinpaigongyu/31909242611792x.shtml?psid=198535192197877084111780451
【合租】光谷 光谷新世界 4室次卧,光谷新世界,788,http://wh.58.com/pinpaigongyu/31884423295151x.shtml?psid=198535192197877084111780451
【整租】丁字桥 鸿岭花园 2室1厅,鸿岭花园,2300,http://wh.58.com/pinpaigongyu/31887322607682x.shtml?psid=198535192197877084111780451
【合租】王家湾 中大十里新城 4室次卧,中大十里新城,900,http://wh.58.com/pinpaigongyu/31887085914561x.shtml?psid=198535192197877084111780451
【合租】丁字桥 岭上府 3室次卧,岭上府,870,http://wh.58.com/pinpaigongyu/31717839085134x.shtml?psid=198535192197877084111780451
【合租】洪山周边 武丰佳园 3室次卧,武丰佳园,850,http://wh.58.com/pinpaigongyu/31887211072298x.shtml?psid=193887895197877084184239839
【整租】优墨公寓 新华路 优墨菱角湖店,新华路,1580-1680,http://wh.58.com/pinpaigongyu/31583620070716x.shtml?psid=193887895197877084184239839
【合租】徐东 保利城 4室次卧,保利城,660,http://wh.58.com/pinpaigongyu/31881632157751x.shtml?psid=193887895197877084184239839
【合租】珞狮南路 鸿福花园 4室次卧,鸿福花园,700,http://wh.58.com/pinpaigongyu/31903375216078x.shtml?psid=193887895197877084184239839
【整租】街道口 鸿桂苑东区 2室1厅,鸿桂苑东区,2300,http://wh.58.com/pinpaigongyu/31814816919081x.shtml?psid=193887895197877084184239839
【整租】魔方公寓（武汉） 吴家山 东西湖店,吴家山,1300-2000,http://wh.58.com/pinpaigongyu/28776531070656x.shtml?psid=193887895197877084184239839
【合租】丁字桥 百瑞景中央生活区 4室次卧,百瑞景中央生活区,910,http://wh.58.com/pinpaigongyu/31880936499892x.shtml?psid=193887895197877084184239839
【合租】光谷 保利时代 4室次卧,保利时代,788,http://wh.58.com/pinpaigongyu/31884210374461x.shtml?psid=193887895197877084184239839
【合租】珞狮南路 金地天悦 4室次卧,金地天悦,860,http://wh.58.com/pinpaigongyu/31883290776384x.shtml?psid=193887895197877084184239839
【合租】徐东 东湖景园A区 4室次卧,东湖景园A区,870,http://wh.58.com/pinpaigongyu/31887222727596x.shtml?psid=193887895197877084184239839
【合租】珞狮南路 幸福佳苑 4室主卧,幸福佳苑,1100,http://wh.58.com/pinpaigongyu/31903204184507x.shtml?psid=193887895197877084184239839
【合租】卓刀泉 保利蓝海郡 4室次卧,保利蓝海郡,900,http://wh.58.com/pinpaigongyu/31887368221253x.shtml?psid=193887895197877084184239839
【合租】珞狮南路 金地天悦 3室主卧,金地天悦,1150,http://wh.58.com/pinpaigongyu/31887097377098x.shtml?psid=193887895197877084184239839
【合租】珞狮南路 幸福佳苑 4室次卧,幸福佳苑,700,http://wh.58.com/pinpaigongyu/31903047523144x.shtml?psid=193887895197877084184239839
【合租】南湖花园 名士1号 3室次卧,名士1号,870,http://wh.58.com/pinpaigongyu/31881623742927x.shtml?psid=193887895197877084184239839
【整租】街道口 青年联盟公寓 1室1厅,【整租】街道口,2100,http://wh.58.com/pinpaigongyu/28378378320950x.shtml?psid=193887895197877084184239839
【整租】杨汊湖 南国北都城市广场 1室0厅,南国北都城市广场,1000,http://wh.58.com/pinpaigongyu/31586793760061x.shtml?psid=193887895197877084184239839
【合租】古田 永利新城北苑 3室次卧,永利新城北苑,960,http://wh.58.com/pinpaigongyu/31936181037113x.shtml?psid=193887895197877084184239839
【整租】常青 金色雅园金源苑 1室0厅,金色雅园金源苑,700,http://wh.58.com/pinpaigongyu/31939405002939x.shtml?psid=193887895197877084184239839
【合租】常青 葛洲坝国际广场 1室次卧,葛洲坝国际广场,899,http://wh.58.com/pinpaigongyu/31210889649075x.shtml?psid=193887895197877084184239839
【合租】新南湖 珞珈雅苑 3室次卧,珞珈雅苑,700,http://wh.58.com/pinpaigongyu/31870550602552x.shtml?psid=104957376197877084235959041
【整租】魔方公寓（武汉） 司门口 鲇鱼套店,司门口,1500-2500,http://wh.58.com/pinpaigongyu/29197187989186x.shtml?psid=104957376197877084235959041
【合租】古田 香港映象 3室主卧,香港映象,1280,http://wh.58.com/pinpaigongyu/31262131631666x.shtml?psid=104957376197877084235959041
【合租】古田 华鼎丽都国际 3室主卧,华鼎丽都国际,1160,http://wh.58.com/pinpaigongyu/31328067907497x.shtml?psid=104957376197877084235959041
【合租】常青 葛洲坝国际广场 1室主卧,葛洲坝国际广场,1499,http://wh.58.com/pinpaigongyu/31903426925755x.shtml?psid=104957376197877084235959041
【整租】魔方公寓（武汉） 徐东 东湖店,徐东,1800-3000,http://wh.58.com/pinpaigongyu/30133903750988x.shtml?psid=104957376197877084235959041
【合租】新南湖 珞珈雅苑 4室次卧,珞珈雅苑,750,http://wh.58.com/pinpaigongyu/31020061998410x.shtml?psid=104957376197877084235959041
【合租】南湖花园 陆总花园 4室次卧,陆总花园,850,http://wh.58.com/pinpaigongyu/31008154622002x.shtml?psid=104957376197877084235959041
【合租】古田 华鼎丽都国际 3室次卧,华鼎丽都国际,1160,http://wh.58.com/pinpaigongyu/31947096215224x.shtml?psid=104957376197877084235959041
【合租】七里庙 汉阳七里铁路和谐 3室次卧,汉阳七里铁路和谐,970,http://wh.58.com/pinpaigongyu/31566642108973x.shtml?psid=104957376197877084235959041
【合租】珞狮南路 鸿城家园 3室主卧,鸿城家园,950,http://wh.58.com/pinpaigongyu/31188279492941x.shtml?psid=104957376197877084235959041
【整租】团结大道 东沙花园 2室2厅,东沙花园,2800,http://wh.58.com/pinpaigongyu/31762262614596x.shtml?psid=104957376197877084235959041
【整租】金色港湾 金色港湾 1室1厅,金色港湾,1880,http://wh.58.com/pinpaigongyu/31371571063376x.shtml?psid=104957376197877084235959041
【合租】古田 永利新城东苑 3室次卧,永利新城东苑,880,http://wh.58.com/pinpaigongyu/31951572157002x.shtml?psid=104957376197877084235959041
【整租】慕特青年公寓 南湖花园 慕特青年公寓2,南湖花园,1680-1730,http://wh.58.com/pinpaigongyu/31939551223112x.shtml?psid=104957376197877084235959041
【合租】徐东 金地自在城 4室次卧,金地自在城,860,http://wh.58.com/pinpaigongyu/31928596619088x.shtml?psid=104957376197877084235959041
【整租】杨汊湖 南国北都城市广场 1室0厅,南国北都城市广场,980,http://wh.58.com/pinpaigongyu/31939527303740x.shtml?psid=104957376197877084235959041
【合租】古田 华鼎丽都国际 3室次卧,华鼎丽都国际,1160,http://wh.58.com/pinpaigongyu/31958126338217x.shtml?psid=104957376197877084235959041
【整租】街道口 青年联盟公寓 1室1厅,【整租】街道口,2800,http://wh.58.com/pinpaigongyu/31084538201282x.shtml?psid=104957376197877084235959041
【合租】新南湖 芷岸龙庭 3室次卧,芷岸龙庭,750,http://wh.58.com/pinpaigongyu/31870581286223x.shtml?psid=104957376197877084235959041
【合租】珞狮南路 鸿城家园 3室次卧,鸿城家园,700,http://wh.58.com/pinpaigongyu/31849612601414x.shtml?psid=170267814197877084290232383
【整租】魔方公寓（武汉） 中南路 武昌火车站店,中南路,1880-2420,http://wh.58.com/pinpaigongyu/29782536223312x.shtml?psid=170267814197877084290232383
【合租】新南湖 珞珈雅苑 3室次卧,珞珈雅苑,700,http://wh.58.com/pinpaigongyu/31860434339919x.shtml?psid=170267814197877084290232383
【合租】古田 永利新城东苑 3室次卧,永利新城东苑,880,http://wh.58.com/pinpaigongyu/31946973470131x.shtml?psid=170267814197877084290232383
【合租】古田 香港映象 3室主卧,香港映象,1260,http://wh.58.com/pinpaigongyu/31925265222829x.shtml?psid=170267814197877084290232383
【整租】魔方公寓（武汉） 司门口 鲇鱼套店,司门口,1300-1600,http://wh.58.com/pinpaigongyu/29208685719500x.shtml?psid=170267814197877084290232383
【整租】江汉大学 官湖景珠 1室0厅,官湖景珠,1280,http://wh.58.com/pinpaigongyu/31881013844807x.shtml?psid=170267814197877084290232383
【整租】珞狮南路 青年联盟服务公寓 1室1厅,【整租】珞狮南路,2100,http://wh.58.com/pinpaigongyu/30689278512587x.shtml?psid=170267814197877084290232383
【整租】金色港湾 金色港湾 1室1厅,金色港湾,1880,http://wh.58.com/pinpaigongyu/31317248682411x.shtml?psid=170267814197877084290232383
【合租】古田 润和花园 4室次卧,润和花园,1260,http://wh.58.com/pinpaigongyu/31925280309553x.shtml?psid=170267814197877084290232383
【合租】常青 复兴五村 1室主卧,复兴五村,880,http://wh.58.com/pinpaigongyu/31561150172227x.shtml?psid=170267814197877084290232383
【合租】新南湖 珞珈雅苑 3室次卧,珞珈雅苑,700,http://wh.58.com/pinpaigongyu/31849565235776x.shtml?psid=170267814197877084290232383
【合租】常青 中铁北苑 1室主卧,中铁北苑,880,http://wh.58.com/pinpaigongyu/31715346078792x.shtml?psid=170267814197877084290232383
【合租】后湖 星悦城(一期) 3室次卧,星悦城(一期),800,http://wh.58.com/pinpaigongyu/31863302855879x.shtml?psid=170267814197877084290232383
【整租】杨汊湖 南国北都城市广场 1室0厅,南国北都城市广场,700,http://wh.58.com/pinpaigongyu/31939513659827x.shtml?psid=170267814197877084290232383
【合租】常青 汉口花园四期 3室主卧,汉口花园四期,880,http://wh.58.com/pinpaigongyu/31958146900157x.shtml?psid=170267814197877084290232383
【合租】唐家墩 万达广场住宅 1室主卧,万达广场住宅,1190,http://wh.58.com/pinpaigongyu/31637860993980x.shtml?psid=170267814197877084290232383
【整租】常青 万景国际 1室0厅,万景国际,1200,http://wh.58.com/pinpaigongyu/31826433009987x.shtml?psid=170267814197877084290232383
【合租】新南湖 珞珈雅苑 4室次卧,珞珈雅苑,800,http://wh.58.com/pinpaigongyu/31938516512198x.shtml?psid=170267814197877084290232383
【整租】盘龙城 领袖城（单间） 1室1厅,领袖城（单间）,600,http://wh.58.com/pinpaigongyu/31272627164495x.shtml?psid=170267814197877084290232383
【整租】盘龙城 珩生领袖城 1室1厅,珩生领袖城,750,http://wh.58.com/pinpaigongyu/31272622295757x.shtml?psid=101363720197877084329328828
【合租】丁字桥 鸿岭花园 4室次卧,鸿岭花园,960,http://wh.58.com/pinpaigongyu/31939715007787x.shtml?psid=101363720197877084329328828
【合租】关山 曙光星城B区 3室次卧,曙光星城B区,1140,http://wh.58.com/pinpaigongyu/31378779919054x.shtml?psid=101363720197877084329328828
【合租】新南湖 芷岸龙庭 3室主卧,芷岸龙庭,750,http://wh.58.com/pinpaigongyu/31405279147337x.shtml?psid=101363720197877084329328828
【整租】后湖 石桥花园一期 1室0厅,石桥花园一期,650,http://wh.58.com/pinpaigongyu/31704930909884x.shtml?psid=101363720197877084329328828
【合租】后湖 星悦城(一期) 3室次卧,星悦城(一期),700,http://wh.58.com/pinpaigongyu/31951454436558x.shtml?psid=101363720197877084329328828
【合租】徐东 保利城 3室主卧,保利城,900,http://wh.58.com/pinpaigongyu/31939724416201x.shtml?psid=101363720197877084329328828
【整租】七里庙 汉阳七里铁路和谐 3室1厅,汉阳七里铁路和谐,2900,http://wh.58.com/pinpaigongyu/31938532720580x.shtml?psid=101363720197877084329328828
【合租】建设二路 东兴天地D区 4室次卧,东兴天地D区,970,http://wh.58.com/pinpaigongyu/31374204940878x.shtml?psid=101363720197877084329328828
【整租】常青 万景国际 1室0厅,万景国际,850,http://wh.58.com/pinpaigongyu/31759131866539x.shtml?psid=101363720197877084329328828
【合租】光谷 曙光星城A区 3室次卧,曙光星城A区,1100,http://wh.58.com/pinpaigongyu/31400533241258x.shtml?psid=101363720197877084329328828
【合租】珞狮南路 金地天悦 4室次卧,金地天悦,910,http://wh.58.com/pinpaigongyu/31400491329606x.shtml?psid=101363720197877084329328828
【整租】后湖 石桥花园一期 1室0厅,石桥花园一期,600,http://wh.58.com/pinpaigongyu/31880771046344x.shtml?psid=101363720197877084329328828
【整租】广埠屯 南国大家装 1室1厅,南国大家装,1710,http://wh.58.com/pinpaigongyu/31917381579461x.shtml?psid=101363720197877084329328828
【整租】珞狮南路 幸福佳苑 1室1厅,幸福佳苑,1400,http://wh.58.com/pinpaigongyu/31837294049483x.shtml?psid=101363720197877084329328828
【整租】唐家墩 万达广场住宅 1室0厅,万达广场住宅,900,http://wh.58.com/pinpaigongyu/31692848073549x.shtml?psid=101363720197877084329328828
【合租】珞狮南路 保利心语九区 4室次卧,保利心语九区,600,http://wh.58.com/pinpaigongyu/31939719413290x.shtml?psid=101363720197877084329328828
【合租】徐东 徐东馨苑 4室次卧,徐东馨苑,900,http://wh.58.com/pinpaigongyu/31925827455404x.shtml?psid=101363720197877084329328828
【合租】百步亭 汉口城市广场3期 4室次卧,汉口城市广场3期,1060,http://wh.58.com/pinpaigongyu/31378622431815x.shtml?psid=101363720197877084329328828
【合租】关山 清江山水 4室次卧,清江山水,1000,http://wh.58.com/pinpaigongyu/31400501131193x.shtml?psid=101363720197877084329328828
【合租】洪山周边 武丰佳园 3室次卧,武丰佳园,800,http://wh.58.com/pinpaigongyu/31564343888830x.shtml?psid=113869723197877084378078161
【合租】后湖 楚邦汉界 3室次卧,楚邦汉界,900,http://wh.58.com/pinpaigongyu/31684273362227x.shtml?psid=113869723197877084378078161
【合租】洪山周边 欢乐星城 3室次卧,欢乐星城,860,http://wh.58.com/pinpaigongyu/31564373971137x.shtml?psid=113869723197877084378078161
【合租】洪山周边 武丰佳园 3室主卧,武丰佳园,1110,http://wh.58.com/pinpaigongyu/31564354443724x.shtml?psid=113869723197877084378078161
【合租】新南湖 芷岸龙庭 3室次卧,芷岸龙庭,700,http://wh.58.com/pinpaigongyu/31759944029122x.shtml?psid=113869723197877084378078161
【合租】徐东 东湖景园B区 3室次卧,东湖景园B区,900,http://wh.58.com/pinpaigongyu/31795005543595x.shtml?psid=113869723197877084378078161
【合租】后湖 星悦城(一期) 3室次卧,星悦城(一期),760,http://wh.58.com/pinpaigongyu/31697239510714x.shtml?psid=113869723197877084378078161
【合租】七里庙 红光鹏程苑 3室次卧,红光鹏程苑,900,http://wh.58.com/pinpaigongyu/31816772798153x.shtml?psid=113869723197877084378078161
【合租】王家湾 中国铁建国际城 3室主卧,中国铁建国际城,1140,http://wh.58.com/pinpaigongyu/31807556527544x.shtml?psid=113869723197877084378078161
【合租】常青花园 美联奥林匹克花园 3室次卧,美联奥林匹克花园,930,http://wh.58.com/pinpaigongyu/31684699516606x.shtml?psid=113869723197877084378078161
【合租】建设二路 花样年花郡 3室主卧,花样年花郡,1070,http://wh.58.com/pinpaigongyu/31564319962304x.shtml?psid=113869723197877084378078161
【合租】新南湖 珞珈雅苑 3室次卧,珞珈雅苑,700,http://wh.58.com/pinpaigongyu/31693427022411x.shtml?psid=113869723197877084378078161
【合租】新南湖 珞珈雅苑 4室主卧,珞珈雅苑,1200,http://wh.58.com/pinpaigongyu/31738177893959x.shtml?psid=113869723197877084378078161
【合租】王家湾 磨山港湾 4室主卧,磨山港湾,1260,http://wh.58.com/pinpaigongyu/31806122616777x.shtml?psid=113869723197877084378078161
【合租】关山 哈乐城中杰阳光 3室主卧,哈乐城中杰阳光,1170,http://wh.58.com/pinpaigongyu/31563320121909x.shtml?psid=113869723197877084378078161
【合租】丁字桥 百瑞景中央生活区 4室次卧,百瑞景中央生活区,1000,http://wh.58.com/pinpaigongyu/31740737567149x.shtml?psid=113869723197877084378078161
【合租】珞狮南路 鸿福花园 3室主卧,鸿福花园,1200,http://wh.58.com/pinpaigongyu/31708360690895x.shtml?psid=113869723197877084378078161
【合租】余家头 怡景苑(临江大道 3室次卧,怡景苑(临江大道,800,http://wh.58.com/pinpaigongyu/31564035349308x.shtml?psid=113869723197877084378078161
【合租】王家湾 王家湾中央生活区 3室主卧,王家湾中央生活区,1170,http://wh.58.com/pinpaigongyu/31806012691386x.shtml?psid=113869723197877084378078161
【合租】新南湖 珞珈雅苑 3室次卧,珞珈雅苑,700,http://wh.58.com/pinpaigongyu/31815796072652x.shtml?psid=113869723197877084378078161
【合租】徐家棚 湖大琴园小区 3室主卧,湖大琴园小区,1160,http://wh.58.com/pinpaigongyu/31563512580521x.shtml?psid=179362600197877084433584978
【合租】王家湾 龙阳熙苑 3室主卧,龙阳熙苑,1170,http://wh.58.com/pinpaigongyu/31807461857473x.shtml?psid=179362600197877084433584978
【合租】新南湖 芷岸龙庭 3室次卧,芷岸龙庭,700,http://wh.58.com/pinpaigongyu/31792472478268x.shtml?psid=179362600197877084433584978
【合租】新南湖 芷岸龙庭 3室次卧,芷岸龙庭,700,http://wh.58.com/pinpaigongyu/31759960126257x.shtml?psid=179362600197877084433584978
【合租】王家湾 中国铁建国际城 3室次卧,中国铁建国际城,870,http://wh.58.com/pinpaigongyu/31807543161030x.shtml?psid=179362600197877084433584978
【合租】王家湾 王家湾中央生活区 3室主卧,王家湾中央生活区,1070,http://wh.58.com/pinpaigongyu/31329354014526x.shtml?psid=179362600197877084433584978
【合租】王家湾 人信汇(一期) 3室次卧,人信汇(一期),860,http://wh.58.com/pinpaigongyu/31805967561281x.shtml?psid=179362600197877084433584978
【合租】五里墩 红光怡馨苑 3室次卧,红光怡馨苑,850,http://wh.58.com/pinpaigongyu/31816786966084x.shtml?psid=179362600197877084433584978
【合租】百步亭 十大家世纪城 3室次卧,十大家世纪城,870,http://wh.58.com/pinpaigongyu/31684759460804x.shtml?psid=179362600197877084433584978
【合租】丁字桥 向阳佳苑 4室次卧,向阳佳苑,960,http://wh.58.com/pinpaigongyu/31795555697706x.shtml?psid=179362600197877084433584978
【合租】珞狮南路 保利心语九区 3室次卧,保利心语九区,710,http://wh.58.com/pinpaigongyu/31708222656937x.shtml?psid=179362600197877084433584978
【合租】丁字桥 鸿岭花园 3室次卧,鸿岭花园,970,http://wh.58.com/pinpaigongyu/31708031652426x.shtml?psid=179362600197877084433584978
【合租】杨园 融侨城 3室主卧,融侨城,1170,http://wh.58.com/pinpaigongyu/31751253924924x.shtml?psid=179362600197877084433584978
【合租】百步亭 长投景城汉口年华 3室次卧,长投景城汉口年华,830,http://wh.58.com/pinpaigongyu/31684482966856x.shtml?psid=179362600197877084433584978
【合租】徐家棚 湖大琴园小区 4室主卧,湖大琴园小区,1400,http://wh.58.com/pinpaigongyu/31563522413123x.shtml?psid=179362600197877084433584978
【合租】关山 金地格林东郡 4室次卧,金地格林东郡,960,http://wh.58.com/pinpaigongyu/31795559295020x.shtml?psid=179362600197877084433584978
【合租】徐东 橡树湾 3室次卧,橡树湾,900,http://wh.58.com/pinpaigongyu/31751187643446x.shtml?psid=179362600197877084433584978
【合租】百步亭 福星惠誉红桥城 3室次卧,福星惠誉红桥城,760,http://wh.58.com/pinpaigongyu/31684325357379x.shtml?psid=179362600197877084433584978
【合租】王家湾 中大十里新城 3室次卧,中大十里新城,900,http://wh.58.com/pinpaigongyu/31574591542466x.shtml?psid=179362600197877084433584978
【合租】珞狮南路 鸿城家园 3室次卧,鸿城家园,700,http://wh.58.com/pinpaigongyu/31759874613162x.shtml?psid=179362600197877084433584978
【合租】珞狮南路 泰然南湖玫瑰湾一 3室次卧,泰然南湖玫瑰湾一,830,http://wh.58.com/pinpaigongyu/31708103436086x.shtml?psid=159429263197877084485661435
【合租】关山 丽岛漫城 3室次卧,丽岛漫城,940,http://wh.58.com/pinpaigongyu/31553657600590x.shtml?psid=159429263197877084485661435
【合租】新南湖 珞珈雅苑 3室次卧,珞珈雅苑,750,http://wh.58.com/pinpaigongyu/31772872883655x.shtml?psid=159429263197877084485661435
【合租】王家湾 磨山港湾 3室主卧,磨山港湾,1100,http://wh.58.com/pinpaigongyu/31806108429115x.shtml?psid=159429263197877084485661435
【合租】百步亭 万锦江城 3室次卧,万锦江城,870,http://wh.58.com/pinpaigongyu/31697205380412x.shtml?psid=159429263197877084485661435
【合租】王家湾 磨山港湾 3室主卧,磨山港湾,1170,http://wh.58.com/pinpaigongyu/31574399908268x.shtml?psid=159429263197877084485661435
【合租】徐东 爱家皇家公馆 3室次卧,爱家皇家公馆,850,http://wh.58.com/pinpaigongyu/31796297032904x.shtml?psid=159429263197877084485661435
【合租】新南湖 珞珈雅苑 3室次卧,珞珈雅苑,650,http://wh.58.com/pinpaigongyu/31681708887359x.shtml?psid=159429263197877084485661435
【合租】关山 南益巴黎豪庭 3室次卧,南益巴黎豪庭,990,http://wh.58.com/pinpaigongyu/31553872561705x.shtml?psid=159429263197877084485661435
【合租】光谷 光谷新世界 4室次卧,光谷新世界,900,http://wh.58.com/pinpaigongyu/31795563076914x.shtml?psid=159429263197877084485661435
【合租】新南湖 芷岸龙庭 3室次卧,芷岸龙庭,750,http://wh.58.com/pinpaigongyu/31566957388980x.shtml?psid=159429263197877084485661435
【合租】徐东 橡树湾 3室次卧,橡树湾,900,http://wh.58.com/pinpaigongyu/31563973131451x.shtml?psid=159429263197877084485661435
【合租】新南湖 珞珈雅苑 3室次卧,珞珈雅苑,700,http://wh.58.com/pinpaigongyu/31759980833859x.shtml?psid=159429263197877084485661435
【合租】珞狮南路 名士1号 4室次卧,名士1号,950,http://wh.58.com/pinpaigongyu/31795549640763x.shtml?psid=159429263197877084485661435
【合租】关山 曙光星城B区 3室次卧,曙光星城B区,830,http://wh.58.com/pinpaigongyu/31553767693243x.shtml?psid=159429263197877084485661435
【合租】关山 光谷8号 3室次卧,光谷8号,1050,http://wh.58.com/pinpaigongyu/31553901348021x.shtml?psid=159429263197877084485661435
【合租】关山 光谷青年城 3室次卧,光谷青年城,860,http://wh.58.com/pinpaigongyu/31553857870269x.shtml?psid=159429263197877084485661435
【合租】后湖 汉口城市广场 3室次卧,汉口城市广场,800,http://wh.58.com/pinpaigongyu/31684459744068x.shtml?psid=159429263197877084485661435
【合租】珞狮南路 鸿城家园 3室次卧,鸿城家园,700,http://wh.58.com/pinpaigongyu/31803148995404x.shtml?psid=159429263197877084485661435
【合租】积玉桥 绿地国际金融城 3室主卧,绿地国际金融城,1160,http://wh.58.com/pinpaigongyu/31750430040656x.shtml?psid=159429263197877084485661435
【合租】后湖 盛景花园 3室次卧,盛景花园,800,http://wh.58.com/pinpaigongyu/31684742089257x.shtml?psid=163913745197877084530421572
【合租】中北路 复地东湖国际5期 3室次卧,复地东湖国际5期,1200,http://wh.58.com/pinpaigongyu/31564640776245x.shtml?psid=163913745197877084530421572
【合租】王家湾 名士华府 3室主卧,名士华府,1170,http://wh.58.com/pinpaigongyu/31574497970234x.shtml?psid=163913745197877084530421572
【合租】丁字桥 向阳佳苑 4室次卧,向阳佳苑,800,http://wh.58.com/pinpaigongyu/31184759530548x.shtml?psid=163913745197877084530421572
【整租】珞狮南路 鸿城家园 3室1厅,鸿城家园,2400,http://wh.58.com/pinpaigongyu/31704223118159x.shtml?psid=163913745197877084530421572
【合租】杨园 融侨城 3室次卧,融侨城,900,http://wh.58.com/pinpaigongyu/31751212759355x.shtml?psid=163913745197877084530421572
【合租】关山 金地格林东郡 3室次卧,金地格林东郡,910,http://wh.58.com/pinpaigongyu/31553836358953x.shtml?psid=163913745197877084530421572
【合租】钟家村 瑞园住宅小区 4室次卧,瑞园住宅小区,800,http://wh.58.com/pinpaigongyu/31795590110923x.shtml?psid=163913745197877084530421572
【合租】百步亭 海赋江城天韵 3室次卧,海赋江城天韵,800,http://wh.58.com/pinpaigongyu/31684440823480x.shtml?psid=163913745197877084530421572
【合租】后湖 鼎盛华城 3室次卧,鼎盛华城,800,http://wh.58.com/pinpaigongyu/31684311486767x.shtml?psid=163913745197877084530421572
【合租】友谊大道 铁机盛世家园 3室次卧,铁机盛世家园,860,http://wh.58.com/pinpaigongyu/31740856112308x.shtml?psid=163913745197877084530421572
【合租】和平大道 林湘新苑 3室主卧,林湘新苑,1140,http://wh.58.com/pinpaigongyu/31564270507074x.shtml?psid=163913745197877084530421572
【整租】金色港湾 金色港湾 1室1厅,金色港湾,1800,http://wh.58.com/pinpaigongyu/31883770543802x.shtml?psid=163913745197877084530421572
【合租】新南湖 招商雍华府 3室次卧,招商雍华府,760,http://wh.58.com/pinpaigongyu/31708113965875x.shtml?psid=163913745197877084530421572
【合租】王家湾 龙阳熙苑 3室次卧,龙阳熙苑,910,http://wh.58.com/pinpaigongyu/31807444670788x.shtml?psid=163913745197877084530421572
【合租】钟家村 名流公馆西区 4室次卧,名流公馆西区,850,http://wh.58.com/pinpaigongyu/31795546039113x.shtml?psid=163913745197877084530421572
【合租】七里庙 钰龙湾 3室次卧,钰龙湾,870,http://wh.58.com/pinpaigongyu/31816755681594x.shtml?psid=163913745197877084530421572
【合租】王家湾 人信汇(一期) 3室主卧,人信汇(一期),1170,http://wh.58.com/pinpaigongyu/31805978826954x.shtml?psid=163913745197877084530421572
【合租】王家湾 十里景秀 3室次卧,十里景秀,930,http://wh.58.com/pinpaigongyu/31807520973383x.shtml?psid=163913745197877084530421572
【合租】新南湖 珞珈雅苑 3室次卧,珞珈雅苑,700,http://wh.58.com/pinpaigongyu/31760011670968x.shtml?psid=163913745197877084530421572
【合租】徐东 徐东馨苑 3室主卧,徐东馨苑,1160,http://wh.58.com/pinpaigongyu/31751074471991x.shtml?psid=185502097197877084592399310
【合租】徐东 东原时光道 3室主卧,东原时光道,1170,http://wh.58.com/pinpaigongyu/31751023142601x.shtml?psid=185502097197877084592399310
【合租】南湖花园 名士1号 3室主卧,名士1号,1100,http://wh.58.com/pinpaigongyu/31708069193403x.shtml?psid=185502097197877084592399310
【合租】积玉桥 绿地国际金融城 4室主卧,绿地国际金融城,1400,http://wh.58.com/pinpaigongyu/31563482732092x.shtml?psid=185502097197877084592399310
【合租】光谷 光谷新世界 3室主卧,光谷新世界,1170,http://wh.58.com/pinpaigongyu/31563308599751x.shtml?psid=185502097197877084592399310
【合租】百步亭 福星惠誉红桥城 3室主卧,福星惠誉红桥城,1010,http://wh.58.com/pinpaigongyu/31684348065102x.shtml?psid=185502097197877084592399310
【合租】后湖 石桥花园一期 3室次卧,石桥花园一期,860,http://wh.58.com/pinpaigongyu/31684787666753x.shtml?psid=185502097197877084592399310
【合租】珞狮南路 鸿城家园 3室次卧,鸿城家园,700,http://wh.58.com/pinpaigongyu/31815943324724x.shtml?psid=185502097197877084592399310
【合租】关山 丽岛漫城 3室主卧,丽岛漫城,1140,http://wh.58.com/pinpaigongyu/31563282108081x.shtml?psid=185502097197877084592399310
【合租】光谷 保利时代 3室主卧,保利时代,1160,http://wh.58.com/pinpaigongyu/31563332235709x.shtml?psid=185502097197877084592399310
【合租】后湖 国际百纳 3室主卧,国际百纳,1170,http://wh.58.com/pinpaigongyu/31684362795962x.shtml?psid=185502097197877084592399310
【合租】光谷 长航蓝晶国际A区 3室主卧,长航蓝晶国际A区,1140,http://wh.58.com/pinpaigongyu/31563296095935x.shtml?psid=185502097197877084592399310
【合租】徐东 保利城 3室次卧,保利城,800,http://wh.58.com/pinpaigongyu/31751363495213x.shtml?psid=185502097197877084592399310
【合租】新南湖 珞珈雅苑 3室次卧,珞珈雅苑,700,http://wh.58.com/pinpaigongyu/31815811025093x.shtml?psid=185502097197877084592399310
【合租】徐家棚 三角花园 3室次卧,三角花园,1000,http://wh.58.com/pinpaigongyu/31563545695281x.shtml?psid=185502097197877084592399310
【合租】七里庙 汉阳七里铁路和谐 3室主卧,汉阳七里铁路和谐,1100,http://wh.58.com/pinpaigongyu/31816734666822x.shtml?psid=185502097197877084592399310
【整租】街道口 鸿桂苑东区 2室1厅,鸿桂苑东区,2400,http://wh.58.com/pinpaigongyu/31708391190848x.shtml?psid=185502097197877084592399310
【合租】徐东 东湖庭园 3室次卧,东湖庭园,800,http://wh.58.com/pinpaigongyu/31796338057164x.shtml?psid=185502097197877084592399310
【合租】洪山周边 欢乐星城 3室次卧,欢乐星城,800,http://wh.58.com/pinpaigongyu/31796316361928x.shtml?psid=185502097197877084592399310
【合租】王家湾 中大十里新城 3室次卧,中大十里新城,900,http://wh.58.com/pinpaigongyu/31807570798382x.shtml?psid=185502097197877084592399310
【合租】东湖高新 金地艺境 3室次卧,金地艺境,900,http://wh.58.com/pinpaigongyu/31563442769327x.shtml?psid=137971375197877084647864444
【整租】珞狮南路 鸿城家园 3室1厅,鸿城家园,2400,http://wh.58.com/pinpaigongyu/31759856767689x.shtml?psid=137971375197877084647864444
【合租】珞狮南路 保利心语九区 3室次卧,保利心语九区,1070,http://wh.58.com/pinpaigongyu/31708241884728x.shtml?psid=137971375197877084647864444
【合租】钟家村 江欣苑 4室次卧,江欣苑,750,http://wh.58.com/pinpaigongyu/31795569606316x.shtml?psid=137971375197877084647864444
【合租】建设二路 奥山世纪城 3室主卧,奥山世纪城,1110,http://wh.58.com/pinpaigongyu/31564073234508x.shtml?psid=137971375197877084647864444
【整租】珞狮南路 鸿城家园 3室1厅,鸿城家园,2400,http://wh.58.com/pinpaigongyu/31648421200843x.shtml?psid=137971375197877084647864444
【合租】百步亭 万锦江城 4室主卧,万锦江城,1270,http://wh.58.com/pinpaigongyu/31697226025385x.shtml?psid=137971375197877084647864444
【合租】后湖 哈楼 3室主卧,哈楼,1110,http://wh.58.com/pinpaigongyu/31684432322354x.shtml?psid=137971375197877084647864444
【合租】新南湖 珞珈雅苑 3室次卧,珞珈雅苑,700,http://wh.58.com/pinpaigongyu/31759993899838x.shtml?psid=137971375197877084647864444
【合租】建设二路 花样年花郡 3室次卧,花样年花郡,840,http://wh.58.com/pinpaigongyu/31564311211457x.shtml?psid=137971375197877084647864444
【合租】后湖 星悦城(一期) 3室主卧,星悦城(一期),1110,http://wh.58.com/pinpaigongyu/31697248711979x.shtml?psid=137971375197877084647864444
【合租】徐东 金地自在城 3室次卧,金地自在城,800,http://wh.58.com/pinpaigongyu/31796253255230x.shtml?psid=137971375197877084647864444
【合租】余家头 怡景苑(临江大道 3室次卧,怡景苑(临江大道,800,http://wh.58.com/pinpaigongyu/31751344498879x.shtml?psid=137971375197877084647864444
【合租】南湖花园 维佳武昌府一期B 3室次卧,维佳武昌府一期B,1000,http://wh.58.com/pinpaigongyu/31708372990016x.shtml?psid=137971375197877084647864444
【合租】后湖 富强天合园 3室次卧,富强天合园,900,http://wh.58.com/pinpaigongyu/31684332793389x.shtml?psid=137971375197877084647864444
【整租】珞狮南路 鸿城家园 3室2厅,鸿城家园,2400,http://wh.58.com/pinpaigongyu/31727027748793x.shtml?psid=137971375197877084647864444
【合租】新南湖 芷岸龙庭 3室次卧,芷岸龙庭,700,http://wh.58.com/pinpaigongyu/31815904633916x.shtml?psid=137971375197877084647864444
【合租】后湖 汉口城市广场 3室主卧,汉口城市广场,1040,http://wh.58.com/pinpaigongyu/31684472513864x.shtml?psid=137971375197877084647864444
【合租】洪山周边 武丰佳园 4室主卧,武丰佳园,1300,http://wh.58.com/pinpaigongyu/31564363619534x.shtml?psid=137971375197877084647864444
【合租】王家湾 龙阳1号 3室次卧,龙阳1号,800,http://wh.58.com/pinpaigongyu/31807487836479x.shtml?psid=137971375197877084647864444
【合租】新南湖 珞珈雅苑 3室次卧,珞珈雅苑,810,http://wh.58.com/pinpaigongyu/31708178062642x.shtml?psid=138719938197877084695906016
【合租】珞狮南路 鸿城家园 3室次卧,鸿城家园,700,http://wh.58.com/pinpaigongyu/31759898077516x.shtml?psid=138719938197877084695906016
【合租】光谷 成园小区 4室主卧,成园小区,1270,http://wh.58.com/pinpaigongyu/31553645218124x.shtml?psid=138719938197877084695906016
【合租】王家湾 磨山港湾 3室次卧,磨山港湾,870,http://wh.58.com/pinpaigongyu/31574389921600x.shtml?psid=138719938197877084695906016
【合租】王家湾 王家湾中央生活区 3室次卧,王家湾中央生活区,900,http://wh.58.com/pinpaigongyu/31805989018304x.shtml?psid=138719938197877084695906016
【合租】王家湾 中大十里新城 3室主卧,中大十里新城,1160,http://wh.58.com/pinpaigongyu/31807578943788x.shtml?psid=138719938197877084695906016
【合租】王家湾 中国铁建国际城 4室次卧,中国铁建国际城,900,http://wh.58.com/pinpaigongyu/31795582312244x.shtml?psid=138719938197877084695906016
【合租】陈家湾 金鑫国际 3室主卧,金鑫国际,1170,http://wh.58.com/pinpaigongyu/31563267459885x.shtml?psid=138719938197877084695906016
【合租】珞狮南路 鸿城家园 3室次卧,鸿城家园,700,http://wh.58.com/pinpaigongyu/31792371637827x.shtml?psid=138719938197877084695906016
【合租】后湖 石桥花园一期 3室主卧,石桥花园一期,1100,http://wh.58.com/pinpaigongyu/31697163627182x.shtml?psid=138719938197877084695906016
【合租】王家湾 中国铁建国际城 3室次卧,中国铁建国际城,870,http://wh.58.com/pinpaigongyu/31574523772617x.shtml?psid=138719938197877084695906016
【合租】七里庙 汉阳七里铁路和谐 3室次卧,汉阳七里铁路和谐,900,http://wh.58.com/pinpaigongyu/31816686564269x.shtml?psid=138719938197877084695906016
【合租】徐东 金地自在城 3室次卧,金地自在城,1000,http://wh.58.com/pinpaigongyu/31796268071883x.shtml?psid=138719938197877084695906016
【合租】新南湖 珞珈雅苑 3室次卧,珞珈雅苑,700,http://wh.58.com/pinpaigongyu/31815875325229x.shtml?psid=138719938197877084695906016
【合租】徐东 岳家嘴小区一二期 3室次卧,岳家嘴小区一二期,960,http://wh.58.com/pinpaigongyu/31805957298354x.shtml?psid=138719938197877084695906016
【合租】新南湖 珞珈雅苑 3室次卧,珞珈雅苑,700,http://wh.58.com/pinpaigongyu/31815858053434x.shtml?psid=138719938197877084695906016
【合租】百步亭 万锦江城 3室主卧,万锦江城,1170,http://wh.58.com/pinpaigongyu/31697218785480x.shtml?psid=138719938197877084695906016
【合租】陈家湾 金鑫国际 3室次卧,金鑫国际,910,http://wh.58.com/pinpaigongyu/31563256350913x.shtml?psid=138719938197877084695906016
【合租】徐家棚 湖大琴园小区 3室次卧,湖大琴园小区,950,http://wh.58.com/pinpaigongyu/31750514028075x.shtml?psid=138719938197877084695906016
【合租】新南湖 珞珈雅苑 3室次卧,珞珈雅苑,700,http://wh.58.com/pinpaigongyu/31781660735283x.shtml?psid=138719938197877084695906016
【合租】古田 团结佳兴园 3室次卧,团结佳兴园,800,http://wh.58.com/pinpaigongyu/31697177710535x.shtml?psid=153270798197877084750273405
【合租】徐东 福星惠誉国际城 3室次卧,福星惠誉国际城,960,http://wh.58.com/pinpaigongyu/31563533039183x.shtml?psid=153270798197877084750273405
【合租】新南湖 珞珈雅苑 4室次卧,珞珈雅苑,700,http://wh.58.com/pinpaigongyu/31792433170732x.shtml?psid=153270798197877084750273405
【合租】钟家村 瑞园住宅小区 3室主卧,瑞园住宅小区,1100,http://wh.58.com/pinpaigongyu/31816970527409x.shtml?psid=153270798197877084750273405
【合租】新南湖 芷岸龙庭 3室次卧,芷岸龙庭,700,http://wh.58.com/pinpaigongyu/31693474865718x.shtml?psid=153270798197877084750273405
【合租】徐家棚 湖大琴园小区 3室主卧,湖大琴园小区,1170,http://wh.58.com/pinpaigongyu/31750501735085x.shtml?psid=153270798197877084750273405
【合租】积玉桥 绿地国际金融城 4室次卧,绿地国际金融城,990,http://wh.58.com/pinpaigongyu/31718130564167x.shtml?psid=153270798197877084750273405
【合租】关山 清江山水 3室次卧,清江山水,930,http://wh.58.com/pinpaigongyu/31553806694314x.shtml?psid=153270798197877084750273405
【合租】徐东 金地自在城 3室次卧,金地自在城,860,http://wh.58.com/pinpaigongyu/31740823375686x.shtml?psid=153270798197877084750273405
【合租】关山 哈乐城中杰阳光 3室次卧,哈乐城中杰阳光,980,http://wh.58.com/pinpaigongyu/31553751599438x.shtml?psid=153270798197877084750273405
【合租】新南湖 珞珈雅苑 3室主卧,珞珈雅苑,1200,http://wh.58.com/pinpaigongyu/31760047883949x.shtml?psid=153270798197877084750273405
【合租】建设二路 奥山世纪城 3室次卧,奥山世纪城,860,http://wh.58.com/pinpaigongyu/31740832407230x.shtml?psid=153270798197877084750273405
【合租】王家湾 中大十里新城 3室主卧,中大十里新城,1180,http://wh.58.com/pinpaigongyu/31574598958134x.shtml?psid=153270798197877084750273405
【合租】徐东 金地自在城 3室次卧,金地自在城,910,http://wh.58.com/pinpaigongyu/31564290443069x.shtml?psid=153270798197877084750273405
【合租】徐家棚 三角花园 3室次卧,三角花园,900,http://wh.58.com/pinpaigongyu/31751170317378x.shtml?psid=153270798197877084750273405
【合租】古田 华鼎丽都国际 3室主卧,华鼎丽都国际,1130,http://wh.58.com/pinpaigongyu/31892421241668x.shtml?psid=153270798197877084750273405
【合租】王家湾 人信汇(一期) 4室次卧,人信汇(一期),850,http://wh.58.com/pinpaigongyu/31718117998148x.shtml?psid=153270798197877084750273405
【合租】徐东 东原时光道 4室主卧,东原时光道,1360,http://wh.58.com/pinpaigongyu/31563792729911x.shtml?psid=153270798197877084750273405
【合租】光谷 保利时代 3室次卧,保利时代,910,http://wh.58.com/pinpaigongyu/31553698096964x.shtml?psid=153270798197877084750273405
【合租】街道口 中建南湖壹号 3室主卧,中建南湖壹号,1200,http://wh.58.com/pinpaigongyu/31708350481985x.shtml?psid=153270798197877084750273405
【合租】积玉桥 绿地国际金融城 3室次卧,绿地国际金融城,990,http://wh.58.com/pinpaigongyu/31563463104553x.shtml?psid=130459732197877084792005906
【合租】百步亭 幸福时代 3室次卧,幸福时代,800,http://wh.58.com/pinpaigongyu/31697257705519x.shtml?psid=130459732197877084792005906
【合租】徐家棚 湖大琴园小区 3室次卧,湖大琴园小区,960,http://wh.58.com/pinpaigongyu/31750486688309x.shtml?psid=130459732197877084792005906
【合租】光谷 光谷新世界 3室次卧,光谷新世界,870,http://wh.58.com/pinpaigongyu/31553678849616x.shtml?psid=130459732197877084792005906
【合租】杨园 融侨城 3室主卧,融侨城,1140,http://wh.58.com/pinpaigongyu/31564016379722x.shtml?psid=130459732197877084792005906
【合租】余家头 怡景苑(临江大道 3室主卧,怡景苑(临江大道,1100,http://wh.58.com/pinpaigongyu/31564047863998x.shtml?psid=130459732197877084792005906
【合租】徐东 橡树湾 3室次卧,橡树湾,1130,http://wh.58.com/pinpaigongyu/31563986528174x.shtml?psid=130459732197877084792005906
【合租】和平大道 林湘新苑 3室次卧,林湘新苑,870,http://wh.58.com/pinpaigongyu/31564263128141x.shtml?psid=130459732197877084792005906
【合租】徐东 金地自在城 3室主卧,金地自在城,1070,http://wh.58.com/pinpaigongyu/31564298802626x.shtml?psid=130459732197877084792005906
【合租】后湖 国际百纳 3室次卧,国际百纳,810,http://wh.58.com/pinpaigongyu/31684340298177x.shtml?psid=130459732197877084792005906
【合租】徐东 福星惠誉国际城 3室次卧,福星惠誉国际城,930,http://wh.58.com/pinpaigongyu/31750573434061x.shtml?psid=130459732197877084792005906
【合租】钟家村 江欣苑 3室次卧,江欣苑,750,http://wh.58.com/pinpaigongyu/31817000252343x.shtml?psid=130459732197877084792005906
【合租】后湖 陌陌屋 3室次卧,陌陌屋,740,http://wh.58.com/pinpaigongyu/31684716934209x.shtml?psid=130459732197877084792005906
【合租】珞狮南路 鸿城家园 3室次卧,鸿城家园,700,http://wh.58.com/pinpaigongyu/31837316935625x.shtml?psid=130459732197877084792005906
【合租】珞狮南路 金地天悦 3室次卧,金地天悦,910,http://wh.58.com/pinpaigongyu/31550553563964x.shtml?psid=130459732197877084792005906
【合租】新南湖 珞珈雅苑 4室主卧,珞珈雅苑,1160,http://wh.58.com/pinpaigongyu/31708205135046x.shtml?psid=130459732197877084792005906
【合租】光谷 曙光星城A区 4室次卧,曙光星城A区,850,http://wh.58.com/pinpaigongyu/31795566987306x.shtml?psid=130459732197877084792005906
【合租】积玉桥 绿地国际金融城 3室主卧,绿地国际金融城,1200,http://wh.58.com/pinpaigongyu/31563473126720x.shtml?psid=130459732197877084792005906
【合租】新南湖 珞珈雅苑 3室次卧,珞珈雅苑,700,http://wh.58.com/pinpaigongyu/31815782420800x.shtml?psid=130459732197877084792005906
【合租】后湖 哈楼 3室次卧,哈楼,740,http://wh.58.com/pinpaigongyu/31684424424399x.shtml?psid=130459732197877084792005906
【合租】百步亭 海赋江城天韵 3室主卧,海赋江城天韵,1110,http://wh.58.com/pinpaigongyu/31684448090164x.shtml?psid=110182665197877084844115869
【合租】王家湾 中国铁建国际城 3室主卧,中国铁建国际城,1160,http://wh.58.com/pinpaigongyu/31574557229903x.shtml?psid=110182665197877084844115869
【合租】新南湖 芷岸龙庭 3室次卧,芷岸龙庭,700,http://wh.58.com/pinpaigongyu/31759921141192x.shtml?psid=110182665197877084844115869
【合租】和平大道 大华滨江天地 3室次卧,大华滨江天地,860,http://wh.58.com/pinpaigongyu/31564245118902x.shtml?psid=110182665197877084844115869
【整租】珞狮南路 鸿城家园 3室2厅,鸿城家园,2400,http://wh.58.com/pinpaigongyu/31620939901738x.shtml?psid=110182665197877084844115869
【合租】王家湾 龙阳1号 3室主卧,龙阳1号,1110,http://wh.58.com/pinpaigongyu/31807500894135x.shtml?psid=110182665197877084844115869
【整租】团结大道 东沙花园 2室1厅,东沙花园,2800,http://wh.58.com/pinpaigongyu/31761576324780x.shtml?psid=110182665197877084844115869
【合租】建设二路 奥山世纪城 3室次卧,奥山世纪城,860,http://wh.58.com/pinpaigongyu/31564061453877x.shtml?psid=110182665197877084844115869
【合租】徐东 徐东馨苑 3室次卧,徐东馨苑,900,http://wh.58.com/pinpaigongyu/31751064053942x.shtml?psid=110182665197877084844115869
【合租】珞狮南路 鸿城家园 3室次卧,鸿城家园,700,http://wh.58.com/pinpaigongyu/31815958838594x.shtml?psid=110182665197877084844115869
【合租】钟家村 广电兰亭都荟 3室次卧,广电兰亭都荟,800,http://wh.58.com/pinpaigongyu/31816804713536x.shtml?psid=110182665197877084844115869
【合租】洪山周边 武丰佳园 3室次卧,武丰佳园,800,http://wh.58.com/pinpaigongyu/31796281774257x.shtml?psid=110182665197877084844115869
【合租】王家湾 名士华府 3室主卧,名士华府,1110,http://wh.58.com/pinpaigongyu/31806203234475x.shtml?psid=110182665197877084844115869
【合租】钟家村 瑞园住宅小区 3室次卧,瑞园住宅小区,800,http://wh.58.com/pinpaigongyu/31816887058102x.shtml?psid=110182665197877084844115869
【合租】王家湾 磨山港湾 3室次卧,磨山港湾,860,http://wh.58.com/pinpaigongyu/31806093527991x.shtml?psid=110182665197877084844115869
【合租】新南湖 珞珈雅苑 4室主卧,珞珈雅苑,1200,http://wh.58.com/pinpaigongyu/31792445190323x.shtml?psid=110182665197877084844115869
【合租】后湖 陌陌屋 3室主卧,陌陌屋,1110,http://wh.58.com/pinpaigongyu/31684729034957x.shtml?psid=110182665197877084844115869
【合租】关山 锦绣龙城A区 3室主卧,锦绣龙城A区,1100,http://wh.58.com/pinpaigongyu/31563376371004x.shtml?psid=110182665197877084844115869
【合租】珞狮南路 鸿城家园 3室次卧,鸿城家园,700,http://wh.58.com/pinpaigongyu/31693497917996x.shtml?psid=110182665197877084844115869
【合租】积玉桥 绿地国际金融城 3室次卧,绿地国际金融城,980,http://wh.58.com/pinpaigongyu/31750413408842x.shtml?psid=110182665197877084844115869
【合租】钟家村 邓甲新城 4室次卧,邓甲新城,800,http://wh.58.com/pinpaigongyu/31795595113778x.shtml?psid=166617625197877084897950349
【合租】光谷 长航蓝晶国际A区 3室次卧,长航蓝晶国际A区,870,http://wh.58.com/pinpaigongyu/31553668453827x.shtml?psid=166617625197877084897950349
【合租】光谷 成园小区 3室主卧,成园小区,1100,http://wh.58.com/pinpaigongyu/31553631383219x.shtml?psid=166617625197877084897950349
【合租】新南湖 芷岸龙庭 3室次卧,芷岸龙庭,700,http://wh.58.com/pinpaigongyu/31815926184367x.shtml?psid=166617625197877084897950349
【合租】新南湖 芷岸龙庭 3室次卧,芷岸龙庭,700,http://wh.58.com/pinpaigongyu/31815914039235x.shtml?psid=166617625197877084897950349
【合租】王家湾 王家湾中央生活区 4室次卧,王家湾中央生活区,950,http://wh.58.com/pinpaigongyu/31795573796812x.shtml?psid=166617625197877084897950349
【合租】丁字桥 岭上府 3室次卧,岭上府,970,http://wh.58.com/pinpaigongyu/31707999453391x.shtml?psid=166617625197877084897950349
【合租】珞狮南路 鸿城家园 3室次卧,鸿城家园,700,http://wh.58.com/pinpaigongyu/31792623407933x.shtml?psid=166617625197877084897950349
【整租】王家湾 王家湾中央生活区 1室1厅,王家湾中央生活区,1510,http://wh.58.com/pinpaigongyu/31806029279296x.shtml?psid=166617625197877084897950349
【合租】后湖 星悦城(一期) 1室次卧,星悦城(一期),1160,http://wh.58.com/pinpaigongyu/31285404770996x.shtml?psid=166617625197877084897950349
【合租】常青花园 美联奥林匹克花园 3室主卧,美联奥林匹克花园,1170,http://wh.58.com/pinpaigongyu/31684707858506x.shtml?psid=166617625197877084897950349
【合租】珞狮南路 泰然南湖玫瑰湾二 4室次卧,泰然南湖玫瑰湾二,800,http://wh.58.com/pinpaigongyu/31795552910014x.shtml?psid=166617625197877084897950349
【合租】百步亭 幸福时代 3室主卧,幸福时代,1100,http://wh.58.com/pinpaigongyu/31697269296957x.shtml?psid=166617625197877084897950349
【合租】关山 金地格林东郡 3室主卧,金地格林东郡,1160,http://wh.58.com/pinpaigongyu/31563388254517x.shtml?psid=166617625197877084897950349
【合租】王家湾 名士华府 3室次卧,名士华府,870,http://wh.58.com/pinpaigongyu/31574490801961x.shtml?psid=166617625197877084897950349
【整租】珞狮南路 鸿城家园 3室1厅,鸿城家园,2400,http://wh.58.com/pinpaigongyu/31738136342091x.shtml?psid=166617625197877084897950349
【合租】百步亭 长投景城汉口年华 3室主卧,长投景城汉口年华,1170,http://wh.58.com/pinpaigongyu/31684491739569x.shtml?psid=166617625197877084897950349
【合租】钟家村 邓甲新城A区 3室次卧,邓甲新城A区,700,http://wh.58.com/pinpaigongyu/31816871826221x.shtml?psid=166617625197877084897950349
【合租】王家湾 龙阳熙苑 3室次卧,龙阳熙苑,910,http://wh.58.com/pinpaigongyu/31574622191296x.shtml?psid=166617625197877084897950349
【合租】徐东 东湖尚郡 3室次卧,东湖尚郡,960,http://wh.58.com/pinpaigongyu/31805947318199x.shtml?psid=166617625197877084897950349
【合租】洪山周边 武丰佳园 3室主卧,武丰佳园,1000,http://wh.58.com/pinpaigongyu/31796288375862x.shtml?psid=181531348197877084945474577
【合租】新南湖 珞珈雅苑 3室次卧,珞珈雅苑,700,http://wh.58.com/pinpaigongyu/31792423759028x.shtml?psid=181531348197877084945474577
【合租】王家湾 名士华府 3室次卧,名士华府,860,http://wh.58.com/pinpaigongyu/31806133397055x.shtml?psid=181531348197877084945474577
【合租】杨汊湖 城开汉口秀园 1室主卧,城开汉口秀园,1180,http://wh.58.com/pinpaigongyu/31615261445189x.shtml?psid=181531348197877084945474577
【合租】古田 永利新城东苑 3室主卧,永利新城东苑,1060,http://wh.58.com/pinpaigongyu/31892226331690x.shtml?psid=181531348197877084945474577
【合租】江汉大学 官湖景珠 1室主卧,官湖景珠,1288,http://wh.58.com/pinpaigongyu/31781635263791x.shtml?psid=181531348197877084945474577
【合租】珞狮南路 幸福佳苑 4室主卧,幸福佳苑,1050,http://wh.58.com/pinpaigongyu/31891939964482x.shtml?psid=181531348197877084945474577
【合租】珞狮南路 鸿福花园 4室次卧,鸿福花园,700,http://wh.58.com/pinpaigongyu/31894732691650x.shtml?psid=181531348197877084945474577
【整租】珞狮南路 幸福佳苑 1室1厅,幸福佳苑,1300,http://wh.58.com/pinpaigongyu/31891984226375x.shtml?psid=181531348197877084945474577
【合租】徐东 东原时光道 4室次卧,东原时光道,950,http://wh.58.com/pinpaigongyu/31887017431210x.shtml?psid=181531348197877084945474577
【合租】光谷 保利时代 4室次卧,保利时代,960,http://wh.58.com/pinpaigongyu/31887052685008x.shtml?psid=181531348197877084945474577
【合租】光谷 保利时代 4室主卧,保利时代,1110,http://wh.58.com/pinpaigongyu/31887071432629x.shtml?psid=181531348197877084945474577
【合租】珞狮南路 幸福佳苑 4室次卧,幸福佳苑,700,http://wh.58.com/pinpaigongyu/31894833454528x.shtml?psid=181531348197877084945474577
【合租】常青 福星惠誉福星城南 1室主卧,福星惠誉福星城南,860,http://wh.58.com/pinpaigongyu/31715943686086x.shtml?psid=181531348197877084945474577
【合租】徐东 福星惠誉国际城 4室次卧,福星惠誉国际城,900,http://wh.58.com/pinpaigongyu/31887232779695x.shtml?psid=181531348197877084945474577
【合租】后湖 雷苑小区 4室次卧,雷苑小区,1200,http://wh.58.com/pinpaigongyu/31817649573169x.shtml?psid=181531348197877084945474577
【合租】光谷 成园小区 4室次卧,成园小区,690,http://wh.58.com/pinpaigongyu/31887189028286x.shtml?psid=181531348197877084945474577
【合租】南湖花园 保利中央公馆 4室次卧,保利中央公馆,800,http://wh.58.com/pinpaigongyu/31887250189247x.shtml?psid=181531348197877084945474577
【整租】珞狮南路 鸿桂苑西区 2室1厅,鸿桂苑西区,2300,http://wh.58.com/pinpaigongyu/31869784391337x.shtml?psid=181531348197877084945474577
【合租】新南湖 珞珈雅苑 3室次卧,珞珈雅苑,810,http://wh.58.com/pinpaigongyu/31887290767673x.shtml?psid=181531348197877084945474577
【合租】徐东 铂金天地 4室主卧,铂金天地,1100,http://wh.58.com/pinpaigongyu/31543843831337x.shtml?psid=111516248197877084993935270
【合租】古田 建荣嘉园 3室主卧,建荣嘉园,980,http://wh.58.com/pinpaigongyu/31946967444424x.shtml?psid=111516248197877084993935270
【合租】光谷 南湖康泰花园 4室次卧,南湖康泰花园,920,http://wh.58.com/pinpaigongyu/31887281059892x.shtml?psid=111516248197877084993935270
【合租】光谷 光谷ONE39 4室次卧,光谷ONE39,960,http://wh.58.com/pinpaigongyu/31887150689588x.shtml?psid=111516248197877084993935270
【合租】古田 华鼎丽都国际 3室次卧,华鼎丽都国际,1160,http://wh.58.com/pinpaigongyu/31904097523135x.shtml?psid=111516248197877084993935270
【合租】南湖花园 保利中央公馆 3室主卧,保利中央公馆,900,http://wh.58.com/pinpaigongyu/31887262941110x.shtml?psid=111516248197877084993935270
【合租】珞狮南路 保利心语九区 4室次卧,保利心语九区,690,http://wh.58.com/pinpaigongyu/31887272323383x.shtml?psid=111516248197877084993935270
【整租】江汉大学 官湖景珠 1室0厅,官湖景珠,1288,http://wh.58.com/pinpaigongyu/31595900432715x.shtml?psid=111516248197877084993935270
【合租】和平大道 东兴天地D区 3室次卧,东兴天地D区,930,http://wh.58.com/pinpaigongyu/31840890054078x.shtml?psid=111516248197877084993935270
【合租】徐东 东原时光道 4室主卧,东原时光道,1110,http://wh.58.com/pinpaigongyu/31887029175478x.shtml?psid=111516248197877084993935270
【整租】关山 光谷青年城 1室1厅,光谷青年城,1650,http://wh.58.com/pinpaigongyu/31173454253099x.shtml?psid=111516248197877084993935270
【合租】关山 新世界恒大华府 3室次卧,新世界恒大华府,900,http://wh.58.com/pinpaigongyu/31887176601525x.shtml?psid=111516248197877084993935270
【整租】常青 福星惠誉福星城南 1室0厅,福星惠誉福星城南,700,http://wh.58.com/pinpaigongyu/31939414552010x.shtml?psid=111516248197877084993935270
【合租】珞狮南路 幸福佳苑 4室次卧,幸福佳苑,700,http://wh.58.com/pinpaigongyu/31891910180539x.shtml?psid=111516248197877084993935270
【合租】光谷 统建天成美景 4室次卧,统建天成美景,800,http://wh.58.com/pinpaigongyu/31887164322997x.shtml?psid=111516248197877084993935270
【合租】建设二路 奥山世纪城 4室次卧,奥山世纪城,870,http://wh.58.com/pinpaigongyu/31887199679555x.shtml?psid=111516248197877084993935270
【合租】徐东 铂金天地 3室次卧,铂金天地,800,http://wh.58.com/pinpaigongyu/31543856044365x.shtml?psid=111516248197877084993935270
【合租】徐家棚 湖大琴园小区 4室次卧,湖大琴园小区,850,http://wh.58.com/pinpaigongyu/31886931849772x.shtml?psid=111516248197877084993935270
【合租】光谷 中杰阳光 4室次卧,中杰阳光,1130,http://wh.58.com/pinpaigongyu/31885039490767x.shtml?psid=111516248197877084993935270
【整租】街道口 未来城 1室1厅,未来城,2600,http://wh.58.com/pinpaigongyu/31537918881092x.shtml?psid=111516248197877084993935270
【整租】南湖花园 名士1号 1室1厅,名士1号,1600,http://wh.58.com/pinpaigongyu/31917736804037x.shtml?psid=175657289197877085051688969
【整租】街道口 青年联盟公寓 1室1厅,【整租】街道口,1900,http://wh.58.com/pinpaigongyu/31239444555715x.shtml?psid=175657289197877085051688969
【整租】珞狮南路 青年联盟服务公寓 1室1厅,【整租】珞狮南路,2100,http://wh.58.com/pinpaigongyu/30387730054953x.shtml?psid=175657289197877085051688969
【合租】珞狮南路 黎明新居 3室次卧,黎明新居,1070,http://wh.58.com/pinpaigongyu/31837883596611x.shtml?psid=175657289197877085051688969
【合租】珞狮南路 鸿福 4室次卧,鸿福,700,http://wh.58.com/pinpaigongyu/31861342338347x.shtml?psid=175657289197877085051688969
【整租】珞狮南路 青年联盟公寓 1室1厅,【整租】珞狮南路,2700,http://wh.58.com/pinpaigongyu/31084782918596x.shtml?psid=175657289197877085051688969
【整租】街道口 青年联盟公寓 1室1厅,【整租】街道口,2100,http://wh.58.com/pinpaigongyu/31239507270091x.shtml?psid=175657289197877085051688969
【整租】鲁巷 南湖康泰花园海棠 1室1厅,南湖康泰花园海棠,1800,http://wh.58.com/pinpaigongyu/31958663691454x.shtml?psid=175657289197877085051688969
【整租】街道口 青年联盟公寓 1室1厅,【整租】街道口,2100,http://wh.58.com/pinpaigongyu/30387545388972x.shtml?psid=175657289197877085051688969
【合租】积玉桥 绿地国际金融城 4室主卧,绿地国际金融城,1100,http://wh.58.com/pinpaigongyu/31842682442430x.shtml?psid=175657289197877085051688969
【合租】王家湾 中大十里新城 3室次卧,中大十里新城,900,http://wh.58.com/pinpaigongyu/31842684904242x.shtml?psid=175657289197877085051688969
【合租】洪山周边 武丰佳园 3室次卧,武丰佳园,800,http://wh.58.com/pinpaigongyu/31843062070200x.shtml?psid=175657289197877085051688969
【合租】徐东 金地自在城 4室次卧,金地自在城,890,http://wh.58.com/pinpaigongyu/31843031302059x.shtml?psid=175657289197877085051688969
【整租】金色港湾 金色港湾 1室1厅,金色港湾,1870,http://wh.58.com/pinpaigongyu/31949906621008x.shtml?psid=175657289197877085051688969
【整租】广埠屯 南国大家装 1室1厅,南国大家装,2100,http://wh.58.com/pinpaigongyu/31172985176129x.shtml?psid=175657289197877085051688969
【合租】古田 建荣嘉园 4室次卧,建荣嘉园,860,http://wh.58.com/pinpaigongyu/31918805944627x.shtml?psid=175657289197877085051688969
【整租】街道口 青年联盟公寓 1室1厅,【整租】街道口,2700,http://wh.58.com/pinpaigongyu/31239459038268x.shtml?psid=175657289197877085051688969
【合租】后湖 石桥花园一期 4室次卧,石桥花园一期,870,http://wh.58.com/pinpaigongyu/31842747929661x.shtml?psid=175657289197877085051688969
【合租】王家湾 磨山港湾 3室次卧,磨山港湾,900,http://wh.58.com/pinpaigongyu/31842724943041x.shtml?psid=175657289197877085051688969
【整租】慕特青年公寓 新南湖 慕特青年公寓,新南湖,1670-1810,http://wh.58.com/pinpaigongyu/31950485717701x.shtml?psid=175657289197877085051688969
